Open,Lunch,Close,yclose,closetoopen,opentolunch,lunchtoclose,rek
1040.75,1059.75,1080.5,1044.0,-3.25,19.0,20.75,BUY
1076.0,1073.5,1078.25,1080.5,-4.5,-2.5,4.75,BUY
1077.25,1088.75,1108.25,1078.25,-1.0,11.5,19.5,BUY
1114.0,1110.0,1115.5,1108.25,5.75,-4.0,5.5,BUY
1112.75,1124.0,1131.0,1115.5,-2.75,11.25,7.0,BUY
1135.75,1132.75,1130.25,1131.0,4.75,-3.0,-2.5,SELL
1144.0,1130.0,1132.0,1130.25,13.75,-14.0,2.0,BUY
1140.5,1146.25,1150.5,1132.0,8.5,5.75,4.25,BUY
1157.75,1158.25,1163.0,1150.5,7.25,0.5,4.75,BUY
1167.0,1154.0,1167.5,1163.0,4.0,-13.0,13.5,BUY
1185.75,1177.5,1169.25,1167.5,18.25,-8.25,-8.25,SELL
1170.75,1174.0,1170.25,1169.25,1.5,3.25,-3.75,SELL
1180.5,1180.25,1183.0,1170.25,10.25,-0.25,2.75,BUY
1180.25,1181.0,1185.0,1183.0,-2.75,0.75,4.0,BUY
1190.75,1187.75,1181.25,1185.0,5.75,-3.0,-6.5,SELL
1180.5,1186.5,1186.75,1181.25,-0.75,6.0,0.25,BUY
1191.75,1193.75,1195.5,1186.75,5.0,2.0,1.75,BUY
1196.5,1188.75,1180.75,1195.5,1.0,-7.75,-8.0,SELL
1189.0,1193.5,1192.25,1180.75,8.25,4.5,-1.25,SELL
1194.25,1185.75,1188.75,1192.25,2.0,-8.5,3.0,BUY
1181.25,1183.25,1191.5,1188.75,-7.5,2.0,8.25,BUY
1191.75,1196.75,1203.0,1191.5,0.25,5.0,6.25,BUY
1200.25,1201.25,1198.0,1203.0,-2.75,1.0,-3.25,SELL
1201.0,1194.75,1195.0,1198.0,3.0,-6.25,0.25,BUY
1196.75,1209.0,1217.0,1195.0,1.75,12.25,8.0,BUY
1217.25,1222.5,1227.0,1217.0,0.25,5.25,4.5,BUY
1226.75,1236.25,1238.5,1227.0,-0.25,9.5,2.25,BUY
1239.0,1233.75,1228.75,1238.5,0.5,-5.25,-5.0,SELL
1234.0,1235.75,1237.25,1228.75,5.25,1.75,1.5,BUY
1236.25,1227.0,1235.5,1237.25,-1.0,-9.25,8.5,BUY
1224.75,1225.25,1220.25,1235.5,-10.75,0.5,-5.0,SELL
1227.5,1223.75,1221.0,1220.25,7.25,-3.75,-2.75,SELL
1224.0,1229.0,1235.5,1221.0,3.0,5.0,6.5,BUY
1238.5,1239.0,1220.0,1235.5,3.0,0.5,-19.0,SELL
1228.25,1238.25,1243.75,1220.0,8.25,10.0,5.5,BUY
1240.0,1240.75,1240.5,1243.75,-3.75,0.75,-0.25,SELL
1229.0,1235.5,1222.75,1240.5,-11.5,6.5,-12.75,SELL
1228.5,1232.25,1224.75,1222.75,5.75,3.75,-7.5,SELL
1222.5,1221.75,1226.0,1224.75,-2.25,-0.75,4.25,BUY
1219.5,1211.75,1199.5,1226.0,-6.5,-7.75,-12.25,SELL
1201.0,1204.5,1180.0,1199.5,1.5,3.5,-24.5,SELL
1184.75,1178.25,1184.75,1180.0,4.75,-6.5,6.5,BUY
1169.0,1176.75,1176.75,1184.75,-15.75,7.75,0.0,SELL
1193.0,1197.25,1209.75,1176.75,16.25,4.25,12.5,BUY
1222.0,1213.25,1223.75,1209.75,12.25,-8.75,10.5,BUY
1225.5,1233.5,1230.75,1223.75,1.75,8.0,-2.75,SELL
1232.75,1233.75,1240.75,1230.75,2.0,1.0,7.0,BUY
1244.25,1246.75,1248.25,1240.75,3.5,2.5,1.5,BUY
1245.75,1242.25,1237.0,1248.25,-2.5,-3.5,-5.25,SELL
1242.5,1240.25,1231.5,1237.0,5.5,-2.25,-8.75,SELL
1201.5,1211.0,1193.0,1231.5,-30.0,9.5,-18.0,SELL
1208.5,1207.25,1225.5,1193.0,15.5,-1.25,18.25,BUY
1222.0,1224.5,1215.0,1225.5,-3.5,2.5,-9.5,SELL
1224.75,1229.5,1224.75,1215.0,9.75,4.75,-4.75,SELL
1220.75,1228.5,1235.25,1224.75,-4.0,7.75,6.75,BUY
1224.0,1225.75,1207.0,1235.25,-11.25,1.75,-18.75,SELL
1219.5,1203.25,1226.75,1207.0,12.5,-16.25,23.5,BUY
1221.75,1223.25,1239.25,1226.75,-5.0,1.5,16.0,BUY
1244.0,1239.25,1246.75,1239.25,4.75,-4.75,7.5,BUY
1251.0,1263.0,1261.0,1246.75,4.25,12.0,-2.0,SELL
1273.5,1283.0,1294.5,1261.0,12.5,9.5,11.5,BUY
1300.5,1305.25,1304.75,1294.5,6.0,4.75,-0.5,SELL
1299.25,1313.5,1323.25,1304.75,-5.5,14.25,9.75,BUY
1319.5,1317.25,1303.75,1323.25,-3.75,-2.25,-13.5,SELL
1318.0,1313.25,1329.5,1303.75,14.25,-4.75,16.25,BUY
1325.25,1328.25,1340.25,1329.5,-4.25,3.0,12.0,BUY
1351.25,1346.25,1343.0,1340.25,11.0,-5.0,-3.25,SELL
1347.5,1339.75,1343.5,1343.0,4.5,-7.75,3.75,BUY
1352.5,1360.0,1364.75,1343.5,9.0,7.5,4.75,BUY
1366.75,1349.5,1349.25,1364.75,2.0,-17.25,-0.25,SELL
1346.5,1352.25,1355.75,1349.25,-2.75,5.75,3.5,BUY
1356.0,1356.0,1367.25,1355.75,0.25,0.0,11.25,BUY
1359.0,1361.0,1361.5,1367.25,-8.25,2.0,0.5,BUY
1363.0,1361.5,1373.25,1361.5,1.5,-1.5,11.75,BUY
1371.75,1363.75,1363.5,1373.25,-1.5,-8.0,-0.25,SELL
1367.75,1391.25,1392.25,1363.5,4.25,23.5,1.0,BUY
1399.5,1407.5,1412.75,1392.25,7.25,8.0,5.25,BUY
1410.25,1408.25,1414.75,1412.75,-2.5,-2.0,6.5,BUY
1406.75,1405.0,1402.5,1414.75,-8.0,-1.75,-2.5,SELL
1409.5,1417.75,1420.5,1402.5,7.0,8.25,2.75,BUY
1419.0,1429.5,1432.5,1420.5,-1.5,10.5,3.0,BUY
1429.0,1433.75,1435.0,1432.5,-3.5,4.75,1.25,BUY
1445.75,1441.25,1450.75,1435.0,10.75,-4.5,9.5,BUY
1450.25,1448.0,1458.5,1450.75,-0.5,-2.25,10.5,BUY
1453.25,1452.25,1452.75,1458.5,-5.25,-1.0,0.5,BUY
1452.0,1454.75,1454.0,1452.75,-0.75,2.75,-0.75,SELL
1456.5,1455.0,1464.5,1454.0,2.5,-1.5,9.5,BUY
1462.75,1469.25,1459.25,1464.5,-1.75,6.5,-10.0,SELL
1459.5,1456.75,1435.0,1459.25,0.25,-2.75,-21.75,SELL
1433.5,1418.5,1437.75,1435.0,-1.5,-15.0,19.25,BUY
1446.75,1446.5,1442.25,1437.75,9.0,-0.25,-4.25,SELL
1443.75,1444.25,1433.0,1442.25,1.5,0.5,-11.25,SELL
1428.75,1425.0,1432.5,1433.0,-4.25,-3.75,7.5,BUY
1428.0,1426.0,1414.75,1432.5,-4.5,-2.0,-11.25,SELL
1409.0,1427.25,1436.0,1414.75,-5.75,18.25,8.75,BUY
1433.75,1430.25,1434.75,1436.0,-2.25,-3.5,4.5,BUY
1442.0,1440.0,1436.5,1434.75,7.25,-2.0,-3.5,SELL
1443.0,1450.75,1461.75,1436.5,6.5,7.75,11.0,BUY
1462.75,1445.25,1448.5,1461.75,1.0,-17.5,3.25,BUY
1453.25,1447.75,1471.25,1448.5,4.75,-5.5,23.5,BUY
1484.25,1486.5,1480.0,1471.25,13.0,2.25,-6.5,SELL
1482.5,1484.75,1492.5,1480.0,2.5,2.25,7.75,BUY
1489.75,1479.5,1480.5,1492.5,-2.75,-10.25,1.0,BUY
1481.0,1483.25,1483.75,1480.5,0.5,2.25,0.5,BUY
1481.5,1486.25,1476.5,1483.75,-2.25,4.75,-9.75,SELL
1460.0,1451.0,1463.5,1476.5,-16.5,-9.0,12.5,BUY
1470.25,1473.0,1461.25,1463.5,6.75,2.75,-11.75,SELL
1467.25,1476.0,1483.25,1461.25,6.0,8.75,7.25,BUY
1478.25,1478.5,1465.5,1483.25,-5.0,0.25,-13.0,SELL
1458.5,1472.0,1463.5,1465.5,-7.0,13.5,-8.5,SELL
1492.0,1489.25,1491.5,1463.5,28.5,-2.75,2.25,BUY
1492.5,1494.5,1483.5,1491.5,1.0,2.0,-11.0,SELL
1492.25,1492.25,1496.75,1483.5,8.75,0.0,4.5,BUY
1499.0,1497.0,1500.5,1496.75,2.25,-2.0,3.5,BUY
1502.5,1498.5,1502.0,1500.5,2.0,-4.0,3.5,BUY
1504.25,1500.5,1503.0,1502.0,2.25,-3.75,2.5,BUY
1517.5,1510.75,1500.5,1503.0,14.5,-6.75,-10.25,SELL
1490.0,1484.75,1462.5,1500.5,-10.5,-5.25,-22.25,SELL
1471.0,1481.75,1486.5,1462.5,8.5,10.75,4.75,BUY
1495.25,1490.5,1504.25,1486.5,8.75,-4.75,13.75,BUY
1522.25,1499.25,1515.0,1504.25,18.0,-23.0,15.75,BUY
1506.75,1502.5,1494.5,1515.0,-8.25,-4.25,-8.0,SELL
1505.0,1503.0,1507.0,1494.5,10.5,-2.0,4.0,BUY
1517.5,1510.25,1529.75,1507.0,10.5,-7.25,19.5,BUY
1521.25,1503.25,1489.25,1529.75,-8.5,-18.0,-14.0,SELL
1501.25,1467.75,1448.0,1489.25,12.0,-33.5,-19.75,SELL
1454.75,1454.5,1446.75,1448.0,6.75,-0.25,-7.75,SELL
1444.5,1442.0,1409.25,1446.75,-2.25,-2.5,-32.75,SELL
1413.25,1406.0,1403.5,1409.25,4.0,-7.25,-2.5,SELL
1391.0,1382.25,1403.0,1403.5,-12.5,-8.75,20.75,BUY
1414.25,1406.25,1437.5,1403.0,11.25,-8.0,31.25,BUY
1435.25,1431.75,1434.5,1437.5,-2.25,-3.5,2.75,BUY
1423.5,1412.25,1418.25,1434.5,-11.0,-11.25,6.0,BUY
1455.25,1450.75,1435.75,1418.25,37.0,-4.5,-15.0,SELL
1443.5,1440.0,1442.25,1435.75,7.75,-3.5,2.25,BUY
1450.25,1446.0,1450.0,1442.25,8.0,-4.25,4.0,BUY
1457.5,1455.5,1461.5,1450.0,7.5,-2.0,6.0,BUY
1454.75,1454.25,1464.5,1461.5,-6.75,-0.5,10.25,BUY
1465.5,1464.25,1470.0,1464.5,1.0,-1.25,5.75,BUY
1471.0,1467.0,1469.75,1470.0,1.0,-4.0,2.75,BUY
1472.75,1471.0,1466.0,1469.75,3.0,-1.75,-5.0,SELL
1465.75,1469.5,1486.25,1466.0,-0.25,3.75,16.75,BUY
1483.5,1485.75,1489.5,1486.25,-2.75,2.25,3.75,BUY
1491.0,1477.75,1465.75,1489.5,1.5,-13.25,-12.0,SELL
1471.75,1469.5,1472.25,1465.75,6.0,-2.25,2.75,BUY
1477.0,1459.25,1463.5,1472.25,4.75,-17.75,4.25,BUY
1464.0,1466.0,1466.5,1463.5,0.5,2.0,0.5,BUY
1459.5,1447.0,1447.25,1466.5,-7.0,-12.5,0.25,BUY
1434.5,1430.5,1427.25,1447.25,-12.75,-4.0,-3.25,SELL
1422.5,1424.5,1413.0,1427.25,-4.75,2.0,-11.5,SELL
1413.0,1395.25,1410.5,1413.0,0.0,-17.75,15.25,BUY
1402.0,1420.25,1430.0,1410.5,-8.5,18.25,9.75,BUY
1428.5,1435.5,1426.5,1430.0,-1.5,7.0,-9.0,SELL
1426.5,1431.5,1419.5,1426.5,0.0,5.0,-12.0,SELL
1403.0,1393.75,1388.5,1419.5,-16.5,-9.25,-5.25,SELL
1381.5,1381.75,1406.5,1388.5,-7.0,0.25,24.75,BUY
1400.0,1396.75,1390.0,1406.5,-6.5,-3.25,-6.75,SELL
1384.5,1369.75,1385.5,1390.0,-5.5,-14.75,15.75,BUY
1417.75,1412.0,1429.0,1385.5,32.25,-5.75,17.0,BUY
1434.0,1443.75,1441.75,1429.0,5.0,9.75,-2.0,SELL
1446.0,1429.5,1432.5,1441.75,4.25,-16.5,3.0,BUY
1421.75,1427.5,1423.25,1432.5,-10.75,5.75,-4.25,SELL
1413.5,1413.25,1429.75,1423.25,-9.75,-0.25,16.5,BUY
1371.5,1392.5,1382.0,1429.75,-58.25,21.0,-10.5,SELL
1377.5,1374.5,1364.5,1382.0,-4.5,-3.0,-10.0,SELL
1369.25,1390.75,1398.75,1364.5,4.75,21.5,8.0,BUY
1388.75,1385.75,1380.75,1398.75,-10.0,-3.0,-5.0,SELL
1383.75,1381.5,1376.25,1380.75,3.0,-2.25,-5.25,SELL
1350.5,1359.0,1350.75,1376.25,-25.75,8.5,-8.25,SELL
1359.0,1357.25,1337.75,1350.75,8.25,-1.75,-19.5,SELL
1344.25,1338.75,1343.75,1337.75,6.5,-5.5,5.0,BUY
1350.0,1363.25,1373.0,1343.75,6.25,13.25,9.75,BUY
1403.25,1402.0,1409.5,1373.0,30.25,-1.25,7.5,BUY
1426.75,1437.25,1435.5,1409.5,17.25,10.5,-1.75,SELL
1436.25,1430.5,1438.25,1435.5,0.75,-5.75,7.75,BUY
1433.5,1429.75,1424.5,1438.25,-4.75,-3.75,-5.25,SELL
1435.75,1458.25,1459.0,1424.5,11.25,22.5,0.75,BUY
1467.0,1457.25,1458.5,1459.0,8.0,-9.75,1.25,BUY
1466.25,1477.75,1477.0,1458.5,7.75,11.5,-0.75,SELL
1482.0,1474.75,1458.0,1477.0,5.0,-7.25,-16.75,SELL
1451.25,1451.75,1445.25,1458.0,-6.75,0.5,-6.5,SELL
1457.75,1446.5,1445.0,1445.25,12.5,-11.25,-1.5,SELL
1442.5,1446.75,1435.0,1445.0,-2.5,4.25,-11.75,SELL
1430.25,1419.0,1404.5,1435.0,-4.75,-11.25,-14.5,SELL
1415.0,1416.25,1411.0,1404.5,10.5,1.25,-5.25,SELL
1421.25,1412.5,1421.75,1411.0,10.25,-8.75,9.25,BUY
1431.0,1430.5,1425.0,1421.75,9.25,-0.5,-5.5,SELL
1429.75,1425.75,1438.0,1425.0,4.75,-4.0,12.25,BUY
1438.5,1439.25,1440.0,1438.0,0.5,0.75,0.75,BUY
1437.0,1436.75,1435.75,1440.0,-3.0,-0.25,-1.0,SELL
1439.25,1446.25,1449.0,1435.75,3.5,7.0,2.75,BUY
1447.0,1446.0,1444.25,1449.0,-2.0,-1.0,-1.75,SELL
1440.75,1444.25,1434.0,1444.25,-3.5,3.5,-10.25,SELL
1445.25,1440.5,1462.0,1434.0,11.25,-4.75,21.5,BUY
1454.75,1445.25,1441.5,1462.0,-7.25,-9.5,-3.75,SELL
1425.75,1410.25,1395.5,1441.5,-15.75,-15.5,-14.75,SELL
1420.25,1419.0,1419.0,1395.5,24.75,-1.25,0.0,SELL
1417.25,1413.25,1410.0,1419.0,-1.75,-4.0,-3.25,SELL
1421.5,1415.75,1415.75,1410.0,11.5,-5.75,0.0,SELL
1410.5,1409.5,1410.25,1415.75,-5.25,-1.0,0.75,BUY
1397.0,1389.5,1379.5,1410.25,-13.25,-7.5,-10.0,SELL
1368.75,1371.25,1360.25,1379.5,-10.75,2.5,-11.0,SELL
1337.0,1350.5,1322.75,1360.25,-23.25,13.5,-27.75,SELL
1277.25,1287.5,1272.5,1322.75,-45.5,10.25,-15.0,SELL
1272.0,1291.0,1300.0,1272.5,-0.5,19.0,9.0,BUY
1282.5,1284.25,1283.25,1300.0,-17.5,1.75,-1.0,SELL
1321.25,1321.25,1327.0,1283.25,38.0,0.0,5.75,BUY
1330.25,1324.75,1332.25,1327.0,3.25,-5.5,7.5,BUY
1321.5,1323.25,1319.75,1332.25,-10.75,1.75,-3.5,SELL
1307.25,1296.75,1295.5,1319.75,-12.5,-10.5,-1.25,SELL
1304.75,1292.0,1294.75,1295.5,9.25,-12.75,2.75,BUY
1311.25,1312.25,1325.5,1294.75,16.5,1.0,13.25,BUY
1306.0,1297.5,1285.0,1325.5,-19.5,-8.5,-12.5,SELL
1301.0,1294.5,1296.0,1285.0,16.0,-6.5,1.5,BUY
1304.25,1318.75,1313.25,1296.0,8.25,14.5,-5.5,SELL
1344.0,1343.0,1329.25,1313.25,30.75,-1.0,-13.75,SELL
1317.0,1325.5,1319.5,1329.25,-12.25,8.5,-6.0,SELL
1323.0,1313.75,1312.75,1319.5,3.5,-9.25,-1.0,SELL
1312.75,1300.75,1296.0,1312.75,0.0,-12.0,-4.75,SELL
1291.25,1277.5,1292.75,1296.0,-4.75,-13.75,15.25,BUY
1303.5,1305.75,1306.0,1292.75,10.75,2.25,0.25,BUY
1311.5,1308.0,1310.25,1306.0,5.5,-3.5,2.25,BUY
1300.75,1281.0,1279.0,1310.25,-9.5,-19.75,-2.0,SELL
1270.0,1279.5,1285.75,1279.0,-9.0,9.5,6.25,BUY
1286.25,1259.5,1251.25,1285.75,0.5,-26.75,-8.25,SELL
1249.75,1251.25,1245.75,1251.25,-1.5,1.5,-5.5,SELL
1246.25,1232.25,1210.25,1245.75,0.5,-14.0,-22.0,SELL
1227.5,1244.75,1241.5,1210.25,17.25,17.25,-3.25,SELL
1237.5,1228.75,1213.0,1241.5,-4.0,-8.75,-15.75,SELL
1200.25,1219.0,1216.75,1213.0,-12.75,18.75,-2.25,SELL
1237.25,1241.5,1240.25,1216.75,20.5,4.25,-1.25,SELL
1258.0,1254.0,1227.75,1240.25,17.75,-4.0,-26.25,SELL
1244.25,1253.25,1235.75,1227.75,16.5,9.0,-17.5,SELL
1260.0,1268.75,1278.25,1235.75,24.25,8.75,9.5,BUY
1277.25,1275.5,1281.5,1278.25,-1.0,-1.75,6.0,BUY
1283.0,1287.5,1276.25,1281.5,1.5,4.5,-11.25,SELL
1274.75,1278.25,1289.25,1276.25,-1.5,3.5,11.0,BUY
1304.25,1304.75,1307.75,1289.25,15.0,0.5,3.0,BUY
1312.0,1314.25,1305.5,1307.75,4.25,2.25,-8.75,SELL
1306.5,1284.75,1286.75,1305.5,1.0,-21.75,2.0,BUY
1276.75,1273.25,1265.75,1286.75,-10.0,-3.5,-7.5,SELL
1276.75,1268.75,1276.75,1265.75,11.0,-8.0,8.0,BUY
1288.75,1292.5,1278.0,1276.75,12.0,3.75,-14.5,SELL
1279.75,1287.5,1282.75,1278.0,1.75,7.75,-4.75,SELL
1291.0,1280.0,1291.5,1282.75,8.25,-11.0,11.5,BUY
1284.5,1279.5,1278.0,1291.5,-7.0,-5.0,-1.5,SELL
1270.5,1268.0,1308.25,1278.0,-7.5,-2.5,40.25,BUY
1315.25,1323.25,1329.0,1308.25,7.0,8.0,5.75,BUY
1331.5,1334.25,1330.5,1329.0,2.5,2.75,-3.75,SELL
1327.0,1318.5,1313.25,1330.5,-3.5,-8.5,-5.25,SELL
1318.75,1315.75,1325.75,1313.25,5.5,-3.0,10.0,BUY
1331.0,1318.0,1320.25,1325.75,5.25,-13.0,2.25,BUY
1307.25,1331.25,1327.0,1320.25,-13.0,24.0,-4.25,SELL
1331.5,1329.5,1331.75,1327.0,4.5,-2.0,2.25,BUY
1341.25,1350.5,1355.5,1331.75,9.5,9.25,5.0,BUY
1356.25,1354.5,1349.75,1355.5,0.75,-1.75,-4.75,SELL
1350.0,1346.0,1352.75,1349.75,0.25,-4.0,6.75,BUY
1358.75,1358.25,1338.0,1352.75,6.0,-0.5,-20.25,SELL
1343.25,1316.25,1324.75,1338.0,5.25,-27.0,8.5,BUY
1329.25,1334.0,1339.25,1324.75,4.5,4.75,5.25,BUY
1334.75,1331.5,1313.75,1339.25,-4.5,-3.25,-17.75,SELL
1309.25,1302.75,1300.75,1313.75,-4.5,-6.5,-2.0,SELL
1284.25,1307.5,1303.75,1300.75,-16.5,23.25,-3.75,SELL
1320.25,1333.0,1341.0,1303.75,16.5,12.75,8.0,BUY
1333.5,1333.5,1340.25,1341.0,-7.5,0.0,6.75,BUY
1350.75,1355.5,1339.0,1340.25,10.5,4.75,-16.5,SELL
1344.5,1340.25,1346.25,1339.0,5.5,-4.25,6.0,BUY
1336.25,1324.5,1316.75,1346.25,-10.0,-11.75,-7.75,SELL
1324.5,1328.5,1333.0,1316.75,7.75,4.0,4.5,BUY
1331.5,1342.25,1350.75,1333.0,-1.5,10.75,8.5,BUY
1342.5,1352.75,1351.0,1350.75,-8.25,10.25,-1.75,SELL
1344.75,1361.25,1366.5,1351.0,-6.25,16.5,5.25,BUY
1367.75,1369.0,1358.75,1366.5,1.25,1.25,-10.25,SELL
1359.5,1360.5,1364.0,1358.75,0.75,1.0,3.5,BUY
1356.0,1369.5,1331.75,1364.0,-8.0,13.5,-37.75,SELL
1323.5,1315.0,1314.0,1331.75,-8.25,-8.5,-1.0,SELL
1323.0,1330.0,1322.0,1314.0,9.0,7.0,-8.0,SELL
1315.25,1300.75,1283.25,1322.0,-6.75,-14.5,-17.5,SELL
1287.75,1266.0,1271.0,1283.25,4.5,-21.75,5.0,BUY
1262.5,1269.25,1261.75,1271.0,-8.5,6.75,-7.5,SELL
1254.25,1240.5,1229.0,1261.75,-7.5,-13.75,-11.5,SELL
1240.75,1240.75,1216.0,1229.0,11.75,0.0,-24.75,SELL
1220.75,1240.5,1253.25,1216.0,4.75,19.75,12.75,BUY
1255.25,1263.25,1254.25,1253.25,2.0,8.0,-9.0,SELL
1287.0,1283.0,1262.75,1254.25,32.75,-4.0,-20.25,SELL
1251.25,1255.25,1250.5,1262.75,-11.5,4.0,-4.75,SELL
1255.75,1265.25,1246.25,1250.5,5.25,9.5,-19.0,SELL
1253.5,1245.75,1240.75,1246.25,7.25,-7.75,-5.0,SELL
1257.25,1262.75,1270.75,1240.75,16.5,5.5,8.0,BUY
1273.0,1269.5,1260.75,1270.75,2.25,-3.5,-8.75,SELL
1271.25,1271.75,1279.0,1260.75,10.5,0.5,7.25,BUY
1280.5,1276.5,1275.25,1279.0,1.5,-4.0,-1.25,SELL
1242.75,1232.0,1217.5,1275.25,-32.5,-10.75,-14.5,SELL
1160.25,1172.25,1180.5,1217.5,-57.25,12.0,8.25,BUY
1188.25,1196.0,1176.0,1180.5,7.75,7.75,-20.0,SELL
1169.75,1173.0,1176.0,1176.0,-6.25,3.25,3.0,BUY
1173.5,1192.5,1175.25,1176.0,-2.5,19.0,-17.25,SELL
1191.0,1199.25,1187.25,1175.25,15.75,8.25,-12.0,SELL
1171.5,1157.25,1164.25,1187.25,-15.75,-14.25,7.0,BUY
1167.0,1148.5,1132.5,1164.25,2.75,-18.5,-16.0,SELL
1140.75,1143.25,1131.75,1132.5,8.25,2.5,-11.5,SELL
1155.0,1164.5,1157.25,1131.75,23.25,9.5,-7.25,SELL
1128.5,1124.0,1119.25,1157.25,-28.75,-4.5,-4.75,SELL
1120.75,1126.0,1140.5,1119.25,1.5,5.25,14.5,BUY
1167.0,1178.0,1186.5,1140.5,26.5,11.0,8.5,BUY
1184.5,1184.0,1178.5,1186.5,-2.0,-0.5,-5.5,SELL
1160.0,1177.5,1199.25,1178.5,-18.5,17.5,21.75,BUY
1193.5,1183.25,1191.75,1199.25,-5.75,-10.25,8.5,BUY
1182.0,1177.25,1159.75,1191.75,-9.75,-4.75,-17.5,SELL
1184.25,1166.75,1181.75,1159.75,24.5,-17.5,15.0,BUY
1191.75,1176.5,1167.25,1181.75,10.0,-15.25,-9.25,SELL
1165.5,1151.5,1147.5,1167.25,-1.75,-14.0,-4.0,SELL
1145.5,1142.25,1131.75,1147.5,-2.0,-3.25,-10.5,SELL
1154.5,1152.5,1162.0,1131.75,22.75,-2.0,9.5,BUY
1158.0,1167.5,1154.5,1162.0,-4.0,9.5,-13.0,SELL
1162.5,1127.25,1097.5,1154.5,8.0,-35.25,-29.75,SELL
1101.75,1106.75,1100.0,1097.5,4.25,5.0,-6.75,SELL
1109.5,1126.25,1125.25,1100.0,9.5,16.75,-1.0,SELL
1106.5,1090.0,1074.75,1125.25,-18.75,-16.5,-15.25,SELL
1090.75,1095.25,1106.25,1074.75,16.0,4.5,11.0,BUY
1142.5,1153.75,1161.5,1106.25,36.25,11.25,7.75,BUY
1169.5,1156.25,1151.5,1161.5,8.0,-13.25,-4.75,SELL
1166.25,1181.75,1197.75,1151.5,14.75,15.5,16.0,BUY
1206.0,1199.75,1190.0,1197.75,8.25,-6.25,-9.75,SELL
1185.25,1184.0,1180.5,1190.0,-4.75,-1.25,-3.5,SELL
1195.25,1207.5,1209.75,1180.5,14.75,12.25,2.25,BUY
1199.25,1203.75,1194.0,1209.75,-10.5,4.5,-9.75,SELL
1192.5,1167.75,1153.0,1194.0,-1.5,-24.75,-14.75,SELL
1169.0,1172.5,1186.25,1153.0,16.0,3.5,13.75,BUY
1199.75,1202.0,1195.75,1186.25,13.5,2.25,-6.25,SELL
1177.5,1179.0,1203.25,1195.75,-18.25,1.5,24.25,BUY
1184.75,1200.75,1218.5,1203.25,-18.5,16.0,17.75,BUY
1224.25,1214.75,1210.0,1218.5,5.75,-9.5,-4.75,SELL
1218.0,1220.0,1218.25,1210.0,8.0,2.0,-1.75,SELL
1224.5,1224.0,1233.75,1218.25,6.25,-0.5,9.75,BUY
1225.5,1217.75,1225.5,1233.75,-8.25,-7.75,7.75,BUY
1219.0,1218.75,1219.25,1225.5,-6.5,-0.25,0.5,BUY
1214.25,1222.75,1226.75,1219.25,-5.0,8.5,4.0,BUY
1223.25,1224.5,1213.5,1226.75,-3.5,1.25,-11.0,SELL
1230.75,1244.25,1246.75,1213.5,17.25,13.5,2.5,BUY
1253.25,1252.5,1252.5,1246.75,6.5,-0.75,0.0,SELL
1244.5,1237.75,1232.25,1252.5,-8.0,-6.75,-5.5,SELL
1239.75,1228.25,1222.75,1232.25,7.5,-11.5,-5.5,SELL
1235.0,1202.25,1222.5,1222.75,12.25,-32.75,20.25,BUY
1223.25,1222.75,1231.0,1222.5,0.75,-0.5,8.25,BUY
1220.75,1224.5,1218.0,1231.0,-10.25,3.75,-6.5,SELL
1212.75,1207.5,1223.75,1218.0,-5.25,-5.25,16.25,BUY
1226.5,1222.25,1211.0,1223.75,2.75,-4.25,-11.25,SELL
1199.0,1187.25,1193.5,1211.0,-12.0,-11.75,6.25,BUY
1205.25,1218.25,1222.5,1193.5,11.75,13.0,4.25,BUY
1214.25,1213.5,1209.5,1222.5,-8.25,-0.75,-4.0,SELL
1196.25,1199.25,1206.25,1209.5,-13.25,3.0,7.0,BUY
1202.75,1212.25,1207.5,1206.25,-3.5,9.5,-4.75,SELL
1196.25,1175.5,1178.25,1207.5,-11.25,-20.75,2.75,BUY
1178.75,1188.0,1199.25,1178.25,0.5,9.25,11.25,BUY
1197.75,1190.25,1184.25,1199.25,-1.5,-7.5,-6.0,SELL
1193.0,1204.75,1220.25,1184.25,8.75,11.75,15.5,BUY
1213.25,1224.75,1224.5,1220.25,-7.0,11.5,-0.25,SELL
1218.5,1220.75,1221.5,1224.5,-6.0,2.25,0.75,BUY
1237.0,1251.25,1251.5,1221.5,15.5,14.25,0.25,BUY
1258.75,1256.25,1249.5,1251.5,7.25,-2.5,-6.75,SELL
1248.25,1248.5,1246.75,1249.5,-1.25,0.25,-1.75,SELL
1237.0,1245.0,1247.5,1246.75,-9.75,8.0,2.5,BUY
1255.25,1274.5,1277.25,1247.5,7.75,19.25,2.75,BUY
1271.75,1275.75,1284.75,1277.25,-5.5,4.0,9.0,BUY
1280.5,1270.5,1277.0,1284.75,-4.25,-10.0,6.5,BUY
1271.25,1265.25,1264.0,1277.0,-5.75,-6.0,-1.25,SELL
1264.75,1259.0,1254.25,1264.0,0.75,-5.75,-4.75,SELL
1259.75,1258.25,1254.75,1254.25,5.5,-1.5,-3.5,SELL
1256.75,1259.75,1255.25,1254.75,2.0,3.0,-4.5,SELL
1249.25,1241.0,1259.5,1255.25,-6.0,-8.25,18.5,BUY
1243.5,1244.0,1231.0,1259.5,-16.0,0.5,-13.0,SELL
1234.75,1226.75,1223.5,1231.0,3.75,-8.0,-3.25,SELL
1220.25,1200.0,1205.25,1223.5,-3.25,-20.25,5.25,BUY
1185.25,1186.0,1182.75,1205.25,-20.0,0.75,-3.25,SELL
1197.5,1210.75,1204.75,1182.75,14.75,13.25,-6.0,SELL
1215.25,1215.25,1208.75,1204.75,10.5,0.0,-6.5,SELL
1215.75,1206.25,1203.75,1208.75,7.0,-9.5,-2.5,SELL
1197.0,1210.5,1190.5,1203.75,-6.75,13.5,-20.0,SELL
1184.25,1194.75,1199.75,1190.5,-6.25,10.5,5.0,BUY
1193.25,1202.5,1214.25,1199.75,-6.5,9.25,11.75,BUY
1218.25,1220.75,1208.75,1214.25,4.0,2.5,-12.0,SELL
1204.0,1211.25,1220.75,1208.75,-4.75,7.25,9.5,BUY
1213.0,1206.5,1200.25,1220.75,-7.75,-6.5,-6.25,SELL
1211.75,1217.25,1222.25,1200.25,11.5,5.5,5.0,BUY
1225.0,1216.0,1218.75,1222.25,2.75,-9.0,2.75,BUY
1209.0,1220.0,1238.5,1218.75,-9.75,11.0,18.5,BUY
1247.0,1247.5,1248.75,1238.5,8.5,0.5,1.25,BUY
1248.25,1254.0,1257.5,1248.75,-0.5,5.75,3.5,BUY
1256.25,1258.0,1257.5,1257.5,-1.25,1.75,-0.5,SELL
1259.25,1255.75,1261.5,1257.5,1.75,-3.5,5.75,BUY
1262.5,1260.25,1249.25,1261.5,1.0,-2.25,-11.0,SELL
1248.0,1238.0,1238.0,1249.25,-1.25,-10.0,0.0,SELL
1243.0,1244.0,1239.0,1238.0,5.0,1.0,-5.0,SELL
1242.5,1249.0,1226.25,1239.0,3.5,6.5,-22.75,SELL
1243.75,1248.25,1249.0,1226.25,17.5,4.5,0.75,BUY
1241.75,1244.0,1244.0,1249.0,-7.25,2.25,0.0,SELL
1243.75,1232.5,1224.5,1244.0,-0.25,-11.25,-8.0,SELL
1223.25,1205.75,1196.75,1224.5,-1.25,-17.5,-9.0,SELL
1182.0,1178.0,1177.5,1196.75,-14.75,-4.0,-0.5,SELL
1166.25,1156.75,1159.0,1177.5,-11.25,-9.5,2.25,BUY
1167.25,1174.0,1189.75,1159.0,8.25,6.75,15.75,BUY
1166.75,1169.75,1157.75,1189.75,-23.0,3.0,-12.0,SELL
1168.75,1172.75,1183.25,1157.75,11.0,4.0,10.5,BUY
1210.5,1217.5,1224.25,1183.25,27.25,7.0,6.75,BUY
1220.0,1219.75,1226.25,1224.25,-4.25,-0.25,6.5,BUY
1233.5,1228.25,1237.25,1226.25,7.25,-5.25,9.0,BUY
1235.25,1244.75,1243.75,1237.25,-2.0,9.5,-1.0,SELL
1158.5,1165.75,1124.75,1243.75,-85.25,7.25,-41.0,SELL
1153.25,1160.0,1162.75,1124.75,28.5,6.75,2.75,BUY
1174.75,1184.25,1194.0,1162.75,12.0,9.5,9.75,BUY
1195.5,1199.5,1204.25,1194.0,1.5,4.0,4.75,BUY
1217.25,1215.0,1225.0,1204.25,13.0,-2.25,10.0,BUY
1228.0,1218.75,1207.75,1225.0,3.0,-9.25,-11.0,SELL
1204.75,1199.0,1186.25,1207.75,-3.0,-5.75,-12.75,SELL
1178.0,1174.5,1169.0,1186.25,-8.25,-3.5,-5.5,SELL
1177.5,1194.5,1189.25,1169.0,8.5,17.0,-5.25,SELL
1185.25,1194.5,1209.25,1189.25,-4.0,9.25,14.75,BUY
1219.75,1223.5,1235.25,1209.25,10.5,3.75,11.75,BUY
1233.25,1241.75,1239.75,1235.25,-2.0,8.5,-2.0,SELL
1239.25,1245.75,1242.25,1239.75,-0.5,6.5,-3.5,SELL
1247.5,1253.0,1251.75,1242.25,5.25,5.5,-1.25,SELL
1247.0,1253.25,1259.5,1251.75,-4.75,6.25,6.25,BUY
1257.25,1248.75,1253.5,1259.5,-2.25,-8.5,4.75,BUY
1253.5,1251.5,1256.5,1253.5,0.0,-2.0,5.0,BUY
1263.5,1268.0,1272.5,1256.5,7.0,4.5,4.5,BUY
1274.5,1261.75,1268.0,1272.5,2.0,-12.75,6.25,BUY
1263.5,1263.25,1264.0,1268.0,-4.5,-0.25,0.75,BUY
1271.25,1280.75,1270.0,1264.0,7.25,9.5,-10.75,SELL
1273.0,1265.5,1270.0,1270.0,3.0,-7.5,4.5,BUY
1278.0,1279.5,1273.0,1270.0,8.0,1.5,-6.5,SELL
1273.25,1266.25,1271.0,1273.0,0.25,-7.0,4.75,BUY
1274.75,1273.0,1273.5,1271.0,3.75,-1.75,0.5,BUY
1282.75,1267.0,1268.25,1273.5,9.25,-15.75,1.25,BUY
1267.0,1252.0,1245.25,1268.25,-1.25,-15.0,-6.75,SELL
1249.5,1240.5,1239.75,1245.25,4.25,-9.0,-0.75,SELL
1246.25,1245.75,1252.75,1239.75,6.5,-0.5,7.0,BUY
1254.5,1255.5,1266.75,1252.75,1.75,1.0,11.25,BUY
1270.0,1271.0,1272.0,1266.75,3.25,1.0,1.0,BUY
1270.5,1281.5,1299.25,1272.0,-1.5,11.0,17.75,BUY
1291.25,1293.25,1292.5,1299.25,-8.0,2.0,-0.75,SELL
1296.75,1298.5,1303.25,1292.5,4.25,1.75,4.75,BUY
1304.5,1301.25,1301.25,1303.25,1.25,-3.25,0.0,SELL
1303.5,1306.5,1307.0,1301.25,2.25,3.0,0.5,BUY
1302.0,1301.0,1294.5,1307.0,-5.0,-1.0,-6.5,SELL
1299.25,1289.75,1282.0,1294.5,4.75,-9.5,-7.75,SELL
1291.75,1290.25,1291.5,1282.0,9.75,-1.5,1.25,BUY
1293.5,1280.75,1280.5,1291.5,2.0,-12.75,-0.25,SELL
1278.75,1287.0,1280.25,1280.5,-1.75,8.25,-6.75,SELL
1286.75,1293.25,1293.5,1280.25,6.5,6.5,0.25,BUY
1293.0,1304.25,1300.75,1293.5,-0.5,11.25,-3.5,SELL
1296.25,1296.0,1293.5,1300.75,-4.5,-0.25,-2.5,SELL
1288.0,1295.75,1300.25,1293.5,-5.5,7.75,4.5,BUY
1293.75,1294.25,1299.5,1300.25,-6.5,0.5,5.25,BUY
1305.0,1311.5,1307.0,1299.5,5.5,6.5,-4.5,SELL
1306.75,1316.5,1307.25,1307.0,-0.25,9.75,-9.25,SELL
1310.25,1313.5,1306.0,1307.25,3.0,3.25,-7.5,SELL
1310.0,1311.75,1324.5,1306.0,4.0,1.75,12.75,BUY
1329.25,1330.25,1328.75,1324.5,4.75,1.0,-1.5,SELL
1333.0,1330.75,1325.5,1328.75,4.25,-2.25,-5.25,SELL
1331.25,1329.5,1329.5,1325.5,5.75,-1.75,0.0,SELL
1330.75,1329.75,1329.0,1329.5,1.25,-1.0,-0.75,SELL
1324.0,1322.5,1313.75,1329.0,-5.0,-1.5,-8.75,SELL
1291.75,1294.25,1307.0,1313.75,-22.0,2.5,12.75,BUY
1312.75,1307.5,1301.25,1307.0,5.75,-5.25,-6.25,SELL
1305.25,1303.5,1300.0,1301.25,4.0,-1.75,-3.5,SELL
1291.0,1297.25,1307.25,1300.0,-9.0,6.25,10.0,BUY
1301.75,1300.0,1296.0,1307.25,-5.5,-1.75,-4.0,SELL
1303.0,1308.75,1309.25,1296.0,7.0,5.75,0.5,BUY
1307.75,1310.25,1308.5,1309.25,-1.5,2.5,-1.75,SELL
1318.25,1323.0,1311.5,1308.5,9.75,4.75,-11.5,SELL
1322.75,1332.0,1336.5,1311.5,11.25,9.25,4.5,BUY
1334.5,1324.75,1326.0,1336.5,-2.0,-9.75,1.25,BUY
1318.0,1307.75,1308.0,1326.0,-8.0,-10.25,0.25,BUY
1315.75,1295.25,1310.5,1308.0,7.75,-20.5,15.25,BUY
1319.0,1317.5,1314.75,1310.5,8.5,-1.5,-2.75,SELL
1329.25,1327.5,1325.0,1314.75,14.5,-1.75,-2.5,SELL
1306.75,1317.75,1329.5,1325.0,-18.25,11.0,11.75,BUY
1329.25,1336.0,1334.75,1329.5,-0.25,6.75,-1.25,SELL
1334.5,1341.0,1346.75,1334.75,-0.25,6.5,5.75,BUY
1338.5,1338.5,1343.0,1346.75,-8.25,0.0,4.5,BUY
1347.5,1344.5,1348.5,1343.0,4.5,-3.0,4.0,BUY
1346.25,1340.5,1341.0,1348.5,-2.25,-5.75,0.5,BUY
1343.75,1346.0,1357.5,1341.0,2.75,2.25,11.5,BUY
1355.0,1353.75,1345.5,1357.5,-2.5,-1.25,-8.25,SELL
1336.0,1341.0,1335.0,1345.5,-9.5,5.0,-6.0,SELL
1326.75,1322.75,1319.25,1335.0,-8.25,-4.0,-3.5,SELL
1330.25,1335.25,1338.5,1319.25,11.0,5.0,3.25,BUY
1333.25,1329.75,1328.5,1338.5,-5.25,-3.5,-1.25,SELL
1341.0,1346.5,1349.75,1328.5,12.5,5.5,3.25,BUY
1351.5,1344.0,1346.25,1349.75,1.75,-7.5,2.25,BUY
1348.0,1345.0,1358.5,1346.25,1.75,-3.0,13.5,BUY
1354.5,1354.0,1355.5,1358.5,-4.0,-0.5,1.5,BUY
1363.5,1363.0,1351.75,1355.5,8.0,-0.5,-11.25,SELL
1353.0,1349.75,1346.5,1351.75,1.25,-3.25,-3.25,SELL
1351.25,1338.0,1348.25,1346.5,4.75,-13.25,10.25,BUY
1347.25,1343.5,1350.25,1348.25,-1.0,-3.75,6.75,BUY
1344.0,1351.5,1357.25,1350.25,-6.25,7.5,5.75,BUY
1352.75,1349.25,1340.75,1357.25,-4.5,-3.5,-8.5,SELL
1352.75,1343.75,1329.0,1340.75,12.0,-9.0,-14.75,SELL
1324.25,1319.5,1313.0,1329.0,-4.75,-4.75,-6.5,SELL
1309.75,1321.75,1317.5,1313.0,-3.25,12.0,-4.25,SELL
1316.25,1318.5,1329.75,1317.5,-1.25,2.25,11.25,BUY
1328.25,1325.75,1335.5,1329.75,-1.5,-2.5,9.75,BUY
1288.0,1328.25,1351.5,1335.5,-47.5,40.25,23.25,BUY
1362.5,1368.0,1356.5,1351.5,11.0,5.5,-11.5,SELL
1365.0,1354.75,1347.0,1356.5,8.5,-10.25,-7.75,SELL
1359.75,1346.5,1337.0,1347.0,12.75,-13.25,-9.5,SELL
1344.5,1348.5,1364.5,1337.0,7.5,4.0,16.0,BUY
1367.0,1364.5,1352.75,1364.5,2.5,-2.5,-11.75,SELL
1351.75,1360.25,1368.0,1352.75,-1.0,8.5,7.75,BUY
1374.25,1367.75,1373.25,1368.0,6.25,-6.5,5.5,BUY
1377.0,1374.0,1374.5,1373.25,3.75,-3.0,0.5,BUY
1383.75,1382.0,1379.75,1374.5,9.25,-1.75,-2.25,SELL
1381.25,1378.5,1379.0,1379.75,1.5,-2.75,0.5,BUY
1383.0,1376.0,1380.75,1379.0,4.0,-7.0,4.75,BUY
1380.0,1378.25,1385.75,1380.75,-0.75,-1.75,7.5,BUY
1380.0,1377.75,1369.5,1385.75,-5.75,-2.25,-8.25,SELL
1366.25,1366.75,1362.0,1369.5,-3.25,0.5,-4.75,SELL
1366.5,1370.25,1374.75,1362.0,4.5,3.75,4.5,BUY
1373.25,1372.5,1373.5,1374.75,-1.5,-0.75,1.0,BUY
1367.75,1359.75,1367.5,1373.5,-5.75,-8.0,7.75,BUY
1361.5,1381.0,1380.25,1367.5,-6.0,19.5,-0.75,SELL
1381.25,1379.25,1387.25,1380.25,1.0,-2.0,8.0,BUY
1395.5,1395.0,1400.5,1387.25,8.25,-0.5,5.5,BUY
1404.5,1403.5,1415.25,1400.5,4.0,-1.0,11.75,BUY
1413.75,1418.75,1429.75,1415.25,-1.5,5.0,11.0,BUY
1429.75,1427.75,1435.5,1429.75,0.0,-2.0,7.75,BUY
1433.5,1436.75,1448.25,1435.5,-2.0,3.25,11.5,BUY
1443.25,1443.0,1439.25,1448.25,-5.0,-0.25,-3.75,SELL
1436.75,1436.75,1448.0,1439.25,-2.5,0.0,11.25,BUY
1446.0,1444.5,1448.25,1448.0,-2.0,-1.5,3.75,BUY
1447.25,1448.5,1441.25,1448.25,-1.0,1.25,-7.25,SELL
1441.5,1435.25,1433.75,1441.25,0.25,-6.25,-1.5,SELL
1430.5,1424.0,1424.75,1433.75,-3.25,-6.5,0.75,BUY
1420.25,1417.75,1415.5,1424.75,-4.5,-2.5,-2.25,SELL
1421.0,1422.25,1423.75,1415.5,5.5,1.25,1.5,BUY
1424.75,1427.5,1431.25,1423.75,1.0,2.75,3.75,BUY
1428.25,1426.75,1424.25,1431.25,-3.0,-1.5,-2.5,SELL
1415.75,1419.0,1415.75,1424.25,-8.5,3.25,-3.25,SELL
1413.5,1414.25,1416.75,1415.75,-2.25,0.75,2.5,BUY
1413.0,1425.75,1424.75,1416.75,-3.75,12.75,-1.0,SELL
1426.75,1426.25,1431.0,1424.75,2.0,-0.5,4.75,BUY
1434.0,1427.0,1427.5,1431.0,3.0,-7.0,0.5,BUY
1417.25,1410.0,1406.75,1427.5,-10.25,-7.25,-3.25,SELL
1413.5,1412.25,1407.0,1406.75,6.75,-1.25,-5.25,SELL
1404.75,1407.25,1412.75,1407.0,-2.25,2.5,5.5,BUY
1406.0,1409.25,1401.5,1412.75,-6.75,3.25,-7.75,SELL
1409.75,1409.5,1420.25,1401.5,8.25,-0.25,10.75,BUY
1411.5,1412.75,1410.75,1420.25,-8.75,1.25,-2.0,SELL
1407.0,1399.0,1403.25,1410.75,-3.75,-8.0,4.25,BUY
1409.25,1406.75,1412.25,1403.25,6.0,-2.5,5.5,BUY
1410.0,1409.5,1412.5,1412.25,-2.25,-0.5,3.0,BUY
1409.5,1418.75,1425.5,1412.5,-3.0,9.25,6.75,BUY
1415.5,1412.75,1402.0,1425.5,-10.0,-2.75,-10.75,SELL
1404.25,1419.25,1421.25,1402.0,2.25,15.0,2.0,BUY
1431.25,1440.75,1444.0,1421.25,10.0,9.5,3.25,BUY
1451.0,1460.25,1452.25,1444.0,7.0,9.25,-8.0,SELL
1449.0,1444.0,1436.0,1452.25,-3.25,-5.0,-8.0,SELL
1435.75,1429.5,1427.5,1436.0,-0.25,-6.25,-2.0,SELL
1435.5,1442.75,1437.25,1427.5,8.0,7.25,-5.5,SELL
1448.0,1447.5,1444.5,1437.25,10.75,-0.5,-3.0,SELL
1442.75,1449.25,1450.5,1444.5,-1.75,6.5,1.25,BUY
1449.75,1454.75,1457.0,1450.5,-0.75,5.0,2.25,BUY
1454.75,1453.5,1446.5,1457.0,-2.25,-1.25,-7.0,SELL
1444.75,1456.5,1449.25,1446.5,-1.75,11.75,-7.25,SELL
1448.5,1447.25,1448.0,1449.25,-0.75,-1.25,0.75,BUY
1451.75,1446.75,1454.75,1448.0,3.75,-5.0,8.0,BUY
1463.0,1457.0,1460.25,1454.75,8.25,-6.0,3.25,BUY
1466.0,1464.75,1470.5,1460.25,5.75,-1.25,5.75,BUY
1469.25,1470.25,1468.5,1470.5,-1.25,1.0,-1.75,SELL
1474.0,1467.75,1474.5,1468.5,5.5,-6.25,6.75,BUY
1474.0,1473.25,1478.0,1474.5,-0.5,-0.75,4.75,BUY
1476.5,1470.25,1473.75,1478.0,-1.5,-6.25,3.5,BUY
1483.5,1479.25,1477.5,1473.75,9.75,-4.25,-1.75,SELL
1476.0,1484.25,1491.5,1477.5,-1.5,8.25,7.25,BUY
1491.0,1483.0,1481.25,1491.5,-0.5,-8.0,-1.75,SELL
1486.0,1489.25,1489.5,1481.25,4.75,3.25,0.25,BUY
1488.25,1478.0,1469.5,1489.5,-1.25,-10.25,-8.5,SELL
1477.75,1466.25,1466.5,1469.5,8.25,-11.5,0.25,BUY
1470.25,1464.75,1469.25,1466.5,3.75,-5.5,4.5,BUY
1479.25,1488.5,1492.5,1469.25,10.0,9.25,4.0,BUY
1492.25,1488.25,1478.75,1492.5,-0.25,-4.0,-9.5,SELL
1475.75,1485.25,1480.5,1478.75,-3.0,9.5,-4.75,SELL
1475.0,1476.5,1477.0,1480.5,-5.5,1.5,0.5,BUY
1475.5,1475.75,1477.75,1477.0,-1.5,0.25,2.0,BUY
1475.5,1482.0,1478.5,1477.75,-2.25,6.5,-3.5,SELL
1476.25,1480.0,1486.5,1478.5,-2.25,3.75,6.5,BUY
1489.25,1494.0,1488.25,1486.5,2.75,4.75,-5.75,SELL
1490.25,1490.25,1495.5,1488.25,2.0,0.0,5.25,BUY
1494.5,1487.0,1488.0,1495.5,-1.0,-7.5,1.0,BUY
1485.0,1486.25,1488.0,1488.0,-3.0,1.25,1.75,BUY
1498.25,1502.25,1493.75,1488.0,10.25,4.0,-8.5,SELL
1493.75,1496.0,1495.25,1493.75,0.0,2.25,-0.75,SELL
1492.5,1495.75,1493.0,1495.25,-2.75,3.25,-2.75,SELL
1490.0,1490.5,1478.75,1493.0,-3.0,0.5,-11.75,SELL
1471.25,1472.75,1472.5,1478.75,-7.5,1.5,-0.25,SELL
1472.75,1482.0,1492.25,1472.5,0.25,9.25,10.25,BUY
1488.25,1483.5,1488.25,1492.25,-4.0,-4.75,4.75,BUY
1478.5,1470.25,1485.25,1488.25,-9.75,-8.25,15.0,BUY
1486.25,1484.0,1490.25,1485.25,1.0,-2.25,6.25,BUY
1494.25,1496.0,1497.25,1490.25,4.0,1.75,1.25,BUY
1503.25,1495.25,1506.75,1497.25,6.0,-8.0,11.5,BUY
1500.75,1500.75,1516.0,1506.75,-6.0,0.0,15.25,BUY
1518.0,1513.75,1496.75,1516.0,2.0,-4.25,-17.0,SELL
1498.5,1498.75,1492.25,1496.75,1.75,0.25,-6.5,SELL
1496.5,1493.75,1488.25,1492.25,4.25,-2.75,-5.5,SELL
1480.0,1490.0,1496.5,1488.25,-8.25,10.0,6.5,BUY
1488.5,1493.0,1502.75,1496.5,-8.0,4.5,9.75,BUY
1501.5,1500.0,1505.75,1502.75,-1.25,-1.5,5.75,BUY
1499.25,1505.0,1501.75,1505.75,-6.5,5.75,-3.25,SELL
1506.75,1515.75,1506.75,1501.75,5.0,9.0,-9.0,SELL
1508.5,1490.5,1488.75,1506.75,1.75,-18.0,-1.75,SELL
1486.75,1496.75,1498.75,1488.75,-2.0,10.0,2.0,BUY
1495.25,1501.75,1501.75,1498.75,-3.5,6.5,0.0,SELL
1505.0,1504.75,1506.75,1501.75,3.25,-0.25,2.0,BUY
1531.0,1532.0,1542.75,1506.75,24.25,1.0,10.75,BUY
1550.0,1546.0,1549.0,1542.75,7.25,-4.0,3.0,BUY
1548.5,1553.0,1553.75,1549.0,-0.5,4.5,0.75,BUY
1555.0,1554.75,1553.5,1553.75,1.25,-0.25,-1.25,SELL
1557.0,1563.0,1564.75,1553.5,3.5,6.0,1.75,BUY
1569.0,1571.0,1573.5,1564.75,4.25,2.0,2.5,BUY
1572.5,1566.5,1572.5,1573.5,-1.0,-6.0,6.0,BUY
1576.0,1580.75,1580.0,1572.5,3.5,4.75,-0.75,SELL
1576.75,1578.5,1583.0,1580.0,-3.25,1.75,4.5,BUY
1583.75,1572.75,1580.75,1583.0,0.75,-11.0,8.0,BUY
1584.25,1596.0,1595.75,1580.75,3.5,11.75,-0.25,SELL
1591.75,1588.25,1591.0,1595.75,-4.0,-3.5,2.75,BUY
1593.5,1593.0,1588.5,1591.0,2.5,-0.5,-4.5,SELL
1592.5,1589.5,1591.75,1588.5,4.0,-3.0,2.25,BUY
1596.25,1593.5,1595.5,1591.75,4.5,-2.75,2.0,BUY
1595.25,1597.0,1598.5,1595.5,-0.25,1.75,1.5,BUY
1590.25,1589.5,1575.75,1598.5,-8.25,-0.75,-13.75,SELL
1572.5,1552.0,1560.75,1575.75,-3.25,-20.5,8.75,BUY
1564.25,1572.75,1574.75,1560.75,3.5,8.5,2.0,BUY
1578.75,1576.75,1576.25,1574.75,4.0,-2.0,-0.5,SELL
1575.5,1582.25,1587.75,1576.25,-0.75,6.75,5.5,BUY
1583.0,1577.5,1581.0,1587.75,-4.75,-5.5,3.5,BUY
1581.0,1579.0,1576.75,1581.0,0.0,-2.0,-2.25,SELL
1570.25,1583.5,1585.0,1576.75,-6.5,13.25,1.5,BUY
1586.5,1589.0,1585.0,1585.0,1.5,2.5,-4.0,SELL
1583.75,1591.25,1588.25,1585.0,-1.25,7.5,-3.0,SELL
1594.75,1599.75,1593.5,1588.25,6.5,5.0,-6.25,SELL
1593.25,1588.75,1585.25,1593.5,-0.25,-4.5,-3.5,SELL
1578.75,1591.0,1587.0,1585.25,-6.5,12.25,-4.0,SELL
1589.0,1595.0,1589.5,1587.0,2.0,6.0,-5.5,SELL
1588.75,1598.25,1603.0,1589.5,-0.75,9.5,4.75,BUY
1592.25,1583.25,1584.25,1603.0,-10.75,-9.0,1.0,BUY
1590.5,1594.5,1595.5,1584.25,6.25,4.0,1.0,BUY
1599.5,1600.25,1587.75,1595.5,4.0,0.75,-12.5,SELL
1579.0,1570.5,1569.5,1587.75,-8.75,-8.5,-1.0,SELL
1578.5,1583.75,1583.0,1569.5,9.0,5.25,-0.75,SELL
1593.75,1594.0,1601.0,1583.0,10.75,0.25,7.0,BUY
1603.0,1604.25,1598.0,1601.0,2.0,1.25,-6.25,SELL
1591.0,1581.75,1586.75,1598.0,-7.0,-9.25,5.0,BUY
1583.75,1589.0,1590.5,1586.75,-3.0,5.25,1.5,BUY
1594.5,1597.75,1591.0,1590.5,4.0,3.25,-6.75,SELL
1587.75,1586.25,1576.0,1591.0,-3.25,-1.5,-10.25,SELL
1567.5,1566.75,1574.5,1576.0,-8.5,-0.75,7.75,BUY
1587.75,1575.25,1557.5,1574.5,13.25,-12.5,-17.75,SELL
1561.5,1562.5,1550.25,1557.5,4.0,1.0,-12.25,SELL
1559.0,1562.5,1574.5,1550.25,8.75,3.5,12.0,BUY
1565.5,1573.25,1568.75,1574.5,-9.0,7.75,-4.5,SELL
1565.5,1571.5,1575.25,1568.75,-3.25,6.0,3.75,BUY
1573.25,1563.5,1566.25,1575.25,-2.0,-9.75,2.75,BUY
1568.25,1563.0,1562.75,1566.25,2.0,-5.25,-0.25,SELL
1570.25,1571.25,1571.75,1562.75,7.5,1.0,0.5,BUY
1573.0,1568.75,1569.25,1571.75,1.25,-4.25,0.5,BUY
1572.75,1586.0,1598.5,1569.25,3.5,13.25,12.5,BUY
1598.0,1594.5,1589.25,1598.5,-0.5,-3.5,-5.25,SELL
1592.0,1591.0,1592.5,1589.25,2.75,-1.0,1.5,BUY
1595.25,1579.0,1583.5,1592.5,2.75,-16.25,4.5,BUY
1576.0,1569.5,1550.0,1583.5,-7.5,-6.5,-19.5,SELL
1560.0,1543.0,1556.5,1550.0,10.0,-17.0,13.5,BUY
1553.0,1549.0,1540.75,1556.5,-3.5,-4.0,-8.25,SELL
1542.0,1536.0,1526.75,1540.75,1.25,-6.0,-9.25,SELL
1528.5,1516.75,1514.5,1526.75,1.75,-11.75,-2.25,SELL
1516.25,1517.5,1514.75,1514.5,1.75,1.25,-2.75,SELL
1511.5,1520.5,1529.75,1514.75,-3.25,9.0,9.25,BUY
1518.25,1522.0,1516.25,1529.75,-11.5,3.75,-5.75,SELL
1513.75,1500.0,1505.0,1516.25,-2.5,-13.75,5.0,BUY
1501.25,1502.75,1493.25,1505.0,-3.75,1.5,-9.5,SELL
1498.5,1511.75,1512.25,1493.25,5.25,13.25,0.5,BUY
1520.5,1508.25,1510.25,1512.25,8.25,-12.25,2.0,BUY
1505.5,1511.5,1506.25,1510.25,-4.75,6.0,-5.25,SELL
1509.5,1511.25,1519.5,1506.25,3.25,1.75,8.25,BUY
1517.25,1518.75,1523.0,1519.5,-2.25,1.5,4.25,BUY
1519.25,1525.5,1527.25,1523.0,-3.75,6.25,1.75,BUY
1514.75,1512.5,1517.5,1527.25,-12.5,-2.25,5.0,BUY
1516.75,1509.25,1504.0,1517.5,-0.75,-7.5,-5.25,SELL
1493.75,1488.25,1487.5,1504.0,-10.25,-5.5,-0.75,SELL
1498.75,1499.5,1504.0,1487.5,11.25,0.75,4.5,BUY
1506.0,1493.75,1490.0,1504.0,2.0,-12.25,-3.75,SELL
1496.5,1498.75,1500.75,1490.0,6.5,2.25,2.0,BUY
1499.0,1494.5,1488.0,1500.75,-1.75,-4.5,-6.5,SELL
1474.25,1475.25,1479.75,1488.0,-13.75,1.0,4.5,BUY
1473.5,1471.75,1471.25,1479.75,-6.25,-1.75,-0.5,SELL
1482.0,1480.75,1490.5,1471.25,10.75,-1.25,9.75,BUY
1489.0,1490.75,1490.25,1490.5,-1.5,1.75,-0.5,SELL
1491.75,1487.75,1486.0,1490.25,1.5,-4.0,-1.75,SELL
1490.0,1497.0,1490.0,1486.0,4.0,7.0,-7.0,SELL
1481.75,1485.5,1481.5,1490.0,-8.25,3.75,-4.0,SELL
1473.75,1468.25,1469.0,1481.5,-7.75,-5.5,0.75,BUY
1480.25,1475.25,1483.0,1469.0,11.25,-5.0,7.75,BUY
1488.25,1493.0,1493.5,1483.0,5.25,4.75,0.5,BUY
1503.25,1504.75,1507.0,1493.5,9.75,1.5,2.25,BUY
1494.75,1497.75,1497.5,1507.0,-12.25,3.0,-0.25,SELL
1499.75,1498.25,1494.5,1497.5,2.25,-1.5,-3.75,SELL
1485.75,1485.0,1486.0,1494.5,-8.75,-0.75,1.0,BUY
1496.0,1495.0,1499.5,1486.0,10.0,-1.0,4.5,BUY
1497.75,1495.5,1498.5,1499.5,-1.75,-2.25,3.0,BUY
1511.5,1519.0,1519.0,1498.5,13.0,7.5,0.0,SELL
1525.0,1526.5,1529.0,1519.0,6.0,1.5,2.5,BUY
1528.5,1527.5,1528.5,1529.0,-0.5,-1.0,1.0,BUY
1529.25,1533.75,1536.5,1528.5,0.75,4.5,2.75,BUY
1536.25,1538.25,1526.75,1536.5,-0.25,2.0,-11.5,SELL
1534.0,1530.75,1530.5,1526.75,7.25,-3.25,-0.25,SELL
1528.0,1532.75,1534.0,1530.5,-2.5,4.75,1.25,BUY
1530.75,1535.75,1532.75,1534.0,-3.25,5.0,-3.0,SELL
1537.25,1540.25,1544.75,1532.75,4.5,3.0,4.5,BUY
1542.75,1544.0,1547.5,1544.75,-2.0,1.25,3.5,BUY
1548.5,1554.25,1552.5,1547.5,1.0,5.75,-1.75,SELL
1553.25,1556.0,1559.75,1552.5,0.75,2.75,3.75,BUY
1563.75,1569.5,1573.5,1559.75,4.0,5.75,4.0,BUY
1574.5,1571.5,1573.75,1573.5,1.0,-3.0,2.25,BUY
1574.5,1580.0,1587.25,1573.75,0.75,5.5,7.25,BUY
1589.0,1588.75,1590.0,1587.25,1.75,-0.25,1.25,BUY
1593.25,1597.75,1601.25,1590.0,3.25,4.5,3.5,BUY
1599.5,1598.25,1601.75,1601.25,-1.75,-1.25,3.5,BUY
1597.75,1604.0,1602.75,1601.75,-4.0,6.25,-1.25,SELL
1604.5,1596.0,1597.0,1602.75,1.75,-8.5,1.0,BUY
1600.75,1599.75,1598.0,1597.0,3.75,-1.0,-1.75,SELL
1597.5,1597.0,1597.0,1598.0,-0.5,-0.5,0.0,SELL
1597.25,1592.25,1592.5,1597.0,0.25,-5.0,0.25,BUY
1592.25,1598.75,1594.75,1592.5,-0.25,6.5,-4.0,SELL
1593.5,1590.75,1594.5,1594.75,-1.25,-2.75,3.75,BUY
1595.0,1589.5,1590.0,1594.5,0.5,-5.5,0.5,BUY
1589.75,1589.0,1589.0,1590.0,-0.25,-0.75,0.0,SELL
1589.5,1594.0,1594.75,1589.0,0.5,4.5,0.75,BUY
1593.25,1593.25,1599.5,1594.75,-1.5,0.0,6.25,BUY
1608.5,1614.0,1617.25,1599.5,9.0,5.5,3.25,BUY
1616.75,1621.25,1614.25,1617.25,-0.5,4.5,-7.0,SELL
1610.75,1604.0,1603.5,1614.25,-3.5,-6.75,-0.5,SELL
1600.25,1607.75,1603.5,1603.5,-3.25,7.5,-4.25,SELL
1596.75,1603.5,1611.0,1603.5,-6.75,6.75,7.5,BUY
1614.25,1618.25,1619.25,1611.0,3.25,4.0,1.0,BUY
1619.25,1615.5,1615.25,1619.25,0.0,-3.75,-0.25,SELL
1621.25,1627.25,1627.0,1615.25,6.0,6.0,-0.25,SELL
1632.25,1633.75,1625.75,1627.0,5.25,1.5,-8.0,SELL
1626.0,1623.75,1626.75,1625.75,0.25,-2.25,3.0,BUY
1635.0,1629.5,1633.0,1626.75,8.25,-5.5,3.5,BUY
1636.5,1636.0,1626.5,1633.0,3.5,-0.5,-9.5,SELL
1627.0,1617.25,1618.25,1626.5,0.5,-9.75,1.0,BUY
1615.0,1613.75,1596.75,1618.25,-3.25,-1.25,-17.0,SELL
1598.25,1594.0,1591.25,1596.75,1.5,-4.25,-2.75,SELL
1591.75,1585.75,1587.25,1591.25,0.5,-6.0,1.5,BUY
1586.75,1587.5,1584.5,1587.25,-0.5,0.75,-3.0,SELL
1577.75,1574.0,1586.0,1584.5,-6.75,-3.75,12.0,BUY
1589.25,1586.75,1593.0,1586.0,3.25,-2.5,6.25,BUY
1588.75,1579.0,1573.5,1593.0,-4.25,-9.75,-5.5,SELL
1570.25,1573.5,1582.25,1573.5,-3.25,3.25,8.75,BUY
1580.0,1588.0,1597.0,1582.25,-2.25,8.0,9.0,BUY
1592.0,1585.5,1576.0,1597.0,-5.0,-6.5,-9.5,SELL
1572.25,1573.75,1571.75,1576.0,-3.75,1.5,-2.0,SELL
1571.0,1575.5,1573.0,1571.75,-0.75,4.5,-2.5,SELL
1570.0,1575.25,1568.0,1573.0,-3.0,5.25,-7.25,SELL
1568.75,1574.75,1579.25,1568.0,0.75,6.0,4.5,BUY
1584.0,1580.0,1571.5,1579.25,4.75,-4.0,-8.5,SELL
1578.75,1581.0,1568.0,1571.5,7.25,2.25,-13.0,SELL
1567.0,1552.0,1551.0,1568.0,-1.0,-15.0,-1.0,SELL
1562.25,1572.0,1578.0,1551.0,11.25,9.75,6.0,BUY
1573.0,1571.75,1573.25,1578.0,-5.0,-1.25,1.5,BUY
1557.25,1551.25,1555.25,1573.25,-16.0,-6.0,4.0,BUY
1557.5,1562.75,1558.75,1555.25,2.25,5.25,-4.0,SELL
1569.75,1576.25,1569.0,1558.75,11.0,6.5,-7.25,SELL
1571.25,1578.0,1577.75,1569.0,2.25,6.75,-0.25,SELL
1579.5,1575.5,1580.0,1577.75,1.75,-4.0,4.5,BUY
1574.5,1573.5,1577.25,1580.0,-5.5,-1.0,3.75,BUY
1574.75,1571.5,1568.5,1577.25,-2.5,-3.25,-3.0,SELL
1553.75,1548.0,1552.25,1568.5,-14.75,-5.75,4.25,BUY
1561.0,1570.0,1574.75,1552.25,8.75,9.0,4.75,BUY
1573.25,1575.25,1571.25,1574.75,-1.5,2.0,-4.0,SELL
1570.5,1565.75,1559.75,1571.25,-0.75,-4.75,-6.0,SELL
1558.0,1560.5,1574.75,1559.75,-1.75,2.5,14.25,BUY
1570.25,1563.5,1564.25,1574.75,-4.5,-6.75,0.75,BUY
1564.5,1556.75,1552.0,1564.25,0.25,-7.75,-4.75,SELL
1550.75,1548.25,1546.0,1552.0,-1.25,-2.5,-2.25,SELL
1546.25,1538.25,1533.0,1546.0,0.25,-8.0,-5.25,SELL
1535.5,1534.0,1535.75,1533.0,2.5,-1.5,1.75,BUY
1540.25,1541.25,1543.75,1535.75,4.5,1.0,2.5,BUY
1551.0,1560.0,1561.0,1543.75,7.25,9.0,1.0,BUY
1577.25,1573.25,1577.0,1561.0,16.25,-4.0,3.75,BUY
1578.5,1590.75,1590.25,1577.0,1.5,12.25,-0.5,SELL
1585.5,1581.0,1587.75,1590.25,-4.75,-4.5,6.75,BUY
1590.25,1583.0,1591.75,1587.75,2.5,-7.25,8.75,BUY
1591.5,1584.25,1584.25,1591.75,-0.25,-7.25,0.0,SELL
1582.25,1584.5,1585.25,1584.25,-2.0,2.25,0.75,BUY
1583.0,1585.25,1581.5,1585.25,-2.25,2.25,-3.75,SELL
1577.25,1582.75,1579.75,1581.5,-4.25,5.5,-3.0,SELL
1586.25,1585.0,1581.75,1579.75,6.5,-1.25,-3.25,SELL
1583.25,1587.5,1588.0,1581.75,1.5,4.25,0.5,BUY
1588.25,1590.5,1594.0,1588.0,0.25,2.25,3.5,BUY
1603.75,1601.75,1602.5,1594.0,9.75,-2.0,0.75,BUY
1602.75,1598.75,1589.5,1602.5,0.25,-4.0,-9.25,SELL
1579.75,1572.75,1563.0,1589.5,-9.75,-7.0,-9.75,SELL
1570.0,1571.25,1571.0,1563.0,7.0,1.25,-0.25,SELL
1571.0,1576.25,1569.0,1571.0,0.0,5.25,-7.25,SELL
1565.25,1567.25,1561.25,1569.0,-3.75,2.0,-6.0,SELL
1566.75,1560.25,1550.0,1561.25,5.5,-6.5,-10.25,SELL
1558.5,1567.5,1558.25,1550.0,8.5,9.0,-9.25,SELL
1556.0,1543.25,1542.75,1558.25,-2.25,-12.75,-0.5,SELL
1531.75,1516.5,1504.0,1542.75,-11.0,-15.25,-12.5,SELL
1446.75,1477.5,1465.25,1504.0,-57.25,30.75,-12.25,SELL
1478.0,1480.75,1511.0,1465.25,12.75,2.75,30.25,BUY
1502.0,1490.75,1477.0,1511.0,-9.0,-11.25,-13.75,SELL
1474.25,1476.5,1457.0,1477.0,-2.75,2.25,-19.5,SELL
1480.25,1485.5,1481.0,1457.0,23.25,5.25,-4.5,SELL
1479.0,1477.5,1470.75,1481.0,-2.0,-1.5,-6.75,SELL
1485.5,1484.25,1489.5,1470.75,14.75,-1.25,5.25,BUY
1494.25,1504.5,1500.75,1489.5,4.75,10.25,-3.75,SELL
1510.75,1511.5,1516.5,1500.75,10.0,0.75,5.0,BUY
1520.25,1515.0,1510.5,1516.5,3.75,-5.25,-4.5,SELL
1513.75,1514.75,1527.75,1510.5,3.25,1.0,13.0,BUY
1523.75,1521.0,1534.5,1527.75,-4.0,-2.75,13.5,BUY
1522.5,1522.75,1534.0,1534.5,-12.0,0.25,11.25,BUY
1537.5,1530.5,1537.0,1534.0,3.5,-7.0,6.5,BUY
1546.25,1547.25,1548.0,1537.0,9.25,1.0,0.75,BUY
1553.75,1548.25,1549.0,1548.0,5.75,-5.5,0.75,BUY
1545.5,1546.0,1543.75,1549.0,-3.5,0.5,-2.25,SELL
1538.0,1534.25,1521.75,1543.75,-5.75,-3.75,-12.5,SELL
1511.25,1496.75,1491.0,1521.75,-10.5,-14.5,-5.75,SELL
1485.5,1504.0,1508.0,1491.0,-5.5,18.5,4.0,BUY
1520.75,1526.75,1519.5,1508.0,12.75,6.0,-7.25,SELL
1513.25,1510.25,1525.5,1519.5,-6.25,-3.0,15.25,BUY
1528.5,1535.75,1546.5,1525.5,3.0,7.25,10.75,BUY
1543.0,1545.0,1549.25,1546.5,-3.5,2.0,4.25,BUY
1561.5,1557.5,1552.75,1549.25,12.25,-4.0,-4.75,SELL
1556.75,1561.5,1537.75,1552.75,4.0,4.75,-23.75,SELL
1542.75,1554.75,1546.5,1537.75,5.0,12.0,-8.25,SELL
