Device Time, Accelerator PedalPosition F(%),Air Fuel Ratio(Measured)(:1),Engine RPM(rpm),Fuel Trim Bank 1 Long Term(%),Intake Air Temperature(°C),Timing Advance(°)
14-apr.-2017 18:46:24.970,-,-,-,-,14,41
14-apr.-2017 18:46:25.062,-,-,-,-,14,41
14-apr.-2017 18:46:25.163,-,-,-,-,14,41
14-apr.-2017 18:46:25.262,-,-,-,-,14,41
14-apr.-2017 18:46:25.365,-,-,-,-,14,41
14-apr.-2017 18:46:25.463,-,-,1932,-,14,41
14-apr.-2017 18:46:25.563,-,-,1932,-,14,41
14-apr.-2017 18:46:25.668,-,-,1932,-,14,41
14-apr.-2017 18:46:25.762,-,-,1932,-,14,41
14-apr.-2017 18:46:25.863,-,-,1932,-,14,40.5
14-apr.-2017 18:46:25.962,-,-,1932,-0.78125,14,40.5
14-apr.-2017 18:46:26.062,-,15.02299786,1932,-0.78125,14,40.5
14-apr.-2017 18:46:26.162,-,15.02299786,1932,-0.78125,14,40.5
14-apr.-2017 18:46:26.263,-,15.02299786,1932,-0.78125,14,40.5
14-apr.-2017 18:46:26.367,-,15.02299786,1932,-0.78125,14,40.5
14-apr.-2017 18:46:26.462,-,15.02299786,1945,-0.78125,14,40.5
14-apr.-2017 18:46:26.562,-,15.02299786,1945,-0.78125,14,40.5
14-apr.-2017 18:46:26.662,-,15.02299786,1945,-0.78125,14,41
14-apr.-2017 18:46:26.762,-,15.07324219,1945,-0.78125,14,41
14-apr.-2017 18:46:26.862,-,15.07324219,1945,-0.78125,14,41
14-apr.-2017 18:46:26.961,-,15.07324219,1945,-0.78125,14,41
14-apr.-2017 18:46:27.062,-,15.07324219,1943.25,-0.78125,14,41
14-apr.-2017 18:46:27.162,-,15.07324219,1943.25,-0.78125,14,41
14-apr.-2017 18:46:27.262,-,15.07324219,1943.25,-0.78125,14,41
14-apr.-2017 18:46:27.362,-,15.07324219,1943.25,-0.78125,14,39.5
14-apr.-2017 18:46:27.461,-,14.90097618,1943.25,-0.78125,14,39.5
14-apr.-2017 18:46:27.562,-,14.90097618,1943.25,-0.78125,14,39.5
14-apr.-2017 18:46:27.662,-,14.90097618,1952.25,-0.78125,14,39.5
14-apr.-2017 18:46:27.761,-,14.86149883,1952.25,-0.78125,14,36.5
14-apr.-2017 18:46:27.861,-,14.86149883,1972.25,-0.78125,14,37.5
14-apr.-2017 18:46:27.962,-,14.64257717,1972.25,-0.78125,14,37.5
14-apr.-2017 18:46:28.062,-,14.64257717,1962.25,-0.78125,14,36.5
14-apr.-2017 18:46:28.162,-,14.64257717,1962.25,-0.78125,14,36.5
14-apr.-2017 18:46:28.261,-,14.64257717,1962.25,-0.78125,14,36.5
14-apr.-2017 18:46:28.361,-,14.80048752,1968.75,-0.78125,14,36.5
14-apr.-2017 18:46:28.462,-,14.80048752,1968.75,-0.78125,14,33
14-apr.-2017 18:46:28.562,-,14.52414513,1964,-0.78125,14,33
14-apr.-2017 18:46:28.661,-,14.28727913,1964,-0.78125,14,31.5
14-apr.-2017 18:46:28.762,-,14.28727913,1955.25,-0.78125,14,31.5
14-apr.-2017 18:46:28.862,-,14.1975584,1955.25,-0.78125,14,31.5
14-apr.-2017 18:46:28.962,-,14.1975584,1963.5,-0.78125,14,32
14-apr.-2017 18:46:29.061,-,14.51696777,1974.25,-0.78125,14,32
14-apr.-2017 18:46:29.162,-,14.51696777,1974.25,-0.78125,14,32
14-apr.-2017 18:46:29.262,-,14.51696777,1977.75,-0.78125,14,32
14-apr.-2017 18:46:29.361,-,14.63539982,1977.75,-0.78125,14,32
14-apr.-2017 18:46:29.462,-,14.63539982,1982.5,-0.78125,14,31.5
14-apr.-2017 18:46:29.562,-,14.63539982,1982.5,-0.78125,14,31.5
14-apr.-2017 18:46:29.661,-,14.39853477,1982.5,-0.78125,14,30.5
14-apr.-2017 18:46:29.761,-,14.65693378,1982.5,-0.78125,14,30.5
14-apr.-2017 18:46:29.862,-,14.65693378,1982.5,-0.78125,14,31.5
14-apr.-2017 18:46:29.962,-,14.86149883,1981.5,-0.78125,14,31.5
14-apr.-2017 18:46:30.064,-,14.86149883,1981.5,-0.78125,14,30.5
14-apr.-2017 18:46:30.163,-,14.78254414,1994.75,-0.78125,14,30.5
14-apr.-2017 18:46:30.263,-,14.59233475,2006.25,-0.78125,14,30.5
14-apr.-2017 18:46:30.363,-,14.59233475,2006.25,-0.78125,14,30.5
14-apr.-2017 18:46:30.464,-,14.5133791,2014,-0.78125,14,30.5
14-apr.-2017 18:46:30.562,-,14.5133791,2014,-0.78125,14,29
14-apr.-2017 18:46:30.664,-,14.5133791,1997.5,-0.78125,14,27.5
14-apr.-2017 18:46:30.763,-,14.65693378,1997.5,-0.78125,14,27.5
14-apr.-2017 18:46:30.863,-,14.65693378,2018.5,-0.78125,14,27.5
14-apr.-2017 18:46:30.963,-,15.13784122,2018.5,-0.78125,14,31.5
14-apr.-2017 18:46:31.063,-,15.13784122,2030,-0.78125,14,30.5
14-apr.-2017 18:46:31.163,-,14.71076679,2030,-0.78125,14,30.5
14-apr.-2017 18:46:31.265,-,14.71076679,2039.25,-0.78125,14,30.5
14-apr.-2017 18:46:31.363,-,14.80048752,2063,-0.78125,14,30
14-apr.-2017 18:46:31.463,-,14.80048752,2063,-0.78125,14,30
14-apr.-2017 18:46:31.563,-,14.76459885,2063,-0.78125,14,30
14-apr.-2017 18:46:31.664,-,14.60309982,2061.75,-0.78125,14,30
14-apr.-2017 18:46:31.763,-,14.60309982,2061.75,-0.78125,14,30.5
14-apr.-2017 18:46:31.862,-,14.60309982,2081.25,-0.78125,14,30
14-apr.-2017 18:46:31.962,-,14.57438946,2081.25,-0.78125,14,30
14-apr.-2017 18:46:32.063,-,14.57438946,2081.25,-0.78125,14,30.5
14-apr.-2017 18:46:32.163,-,14.46313381,2081.25,-0.78125,14,30.5
14-apr.-2017 18:46:32.263,-,14.46313381,2099.25,-0.78125,14,31.5
14-apr.-2017 18:46:32.363,-,14.5600338,2099.25,-0.78125,14,31.5
14-apr.-2017 18:46:32.463,-,14.5600338,2106.75,-0.78125,14,30.5
14-apr.-2017 18:46:32.563,-,14.58156681,2106.75,-0.78125,14,30.5
14-apr.-2017 18:46:32.664,-,14.58156681,2106.75,-0.78125,14,30.5
14-apr.-2017 18:46:32.763,-,14.6784668,2116.75,-0.78125,14,30.5
14-apr.-2017 18:46:32.863,-,14.56362247,2116.75,-0.78125,14,31.5
14-apr.-2017 18:46:32.965,-,14.56362247,2127.25,-0.78125,14,31.5
14-apr.-2017 18:46:33.063,-,14.45236874,2133.75,-0.78125,14,31.5
14-apr.-2017 18:46:33.164,-,14.45236874,2133.75,-0.78125,14,31.5
14-apr.-2017 18:46:33.263,-,14.40571213,2133.75,-0.78125,14,31.5
14-apr.-2017 18:46:33.363,-,14.40571213,2133.75,-0.78125,14,31.5
14-apr.-2017 18:46:33.462,-,14.40571213,2142.75,-0.78125,14,31.5
14-apr.-2017 18:46:33.563,-,14.52414513,2142.75,-0.78125,14,31.5
14-apr.-2017 18:46:33.663,-,14.52414513,2163,-0.78125,14,30.5
14-apr.-2017 18:46:33.762,-,14.53491211,2163,-0.78125,14,30.5
14-apr.-2017 18:46:33.862,-,14.53491211,2169.5,-0.78125,14,30.5
14-apr.-2017 18:46:33.963,-,14.5600338,2169.5,-0.78125,14,30.5
14-apr.-2017 18:46:34.064,-,14.48825645,2169.5,-0.78125,14,30
14-apr.-2017 18:46:34.162,-,14.48825645,2204.75,-0.78125,14,30
14-apr.-2017 18:46:34.262,-,14.34470177,2476.75,-0.78125,14,30
14-apr.-2017 18:46:34.362,-,14.34470177,2476.75,-0.78125,14,32
14-apr.-2017 18:46:34.463,-,14.17602539,2707,-0.78125,14,32
14-apr.-2017 18:46:34.563,-,14.17602539,2707,-0.78125,14,9.5
14-apr.-2017 18:46:34.664,-,14.17602539,2707,-0.78125,14,9.5
14-apr.-2017 18:46:34.763,-,14.17602539,2673.5,-0.78125,14,15.5
14-apr.-2017 18:46:34.862,-,14.66411114,2718.25,-0.78125,14,15.5
14-apr.-2017 18:46:34.963,-,14.66411114,2718.25,-0.78125,14,27.5
14-apr.-2017 18:46:35.063,-,14.57438946,2679.75,-0.78125,14,33.5
14-apr.-2017 18:46:35.163,-,14.57438946,2679.75,-0.78125,14,33.5
14-apr.-2017 18:46:35.263,-,14.57438946,2689.5,-0.78125,14,33
14-apr.-2017 18:46:35.363,-,14.58156681,2689.5,-0.78125,14,33
14-apr.-2017 18:46:35.463,-,14.58156681,2689.5,-0.78125,14,33
14-apr.-2017 18:46:35.562,-,14.71076679,2703.75,-0.78125,14,33
14-apr.-2017 18:46:35.663,-,14.71076679,2703.75,-0.78125,14,33
14-apr.-2017 18:46:35.762,-,14.80048752,2715.25,-0.78125,14,33
14-apr.-2017 18:46:35.862,-,14.59233475,2715.25,-0.78125,14,33
14-apr.-2017 18:46:35.962,-,14.59233475,2715.25,-0.78125,14,33
14-apr.-2017 18:46:36.063,-,14.59233475,2738.5,-0.78125,14,33
14-apr.-2017 18:46:36.163,-,14.48825645,2746,-0.78125,14,33
14-apr.-2017 18:46:36.264,-,14.48825645,2746,-0.78125,14,32
14-apr.-2017 18:46:36.363,-,14.57797813,2761.75,-0.78125,14,32
14-apr.-2017 18:46:36.462,-,14.57079983,2769,-0.78125,14,32
14-apr.-2017 18:46:36.563,-,14.57079983,2769,-0.78125,14,33
14-apr.-2017 18:46:36.662,-,14.62463284,2789,-0.78125,14,33
14-apr.-2017 18:46:36.762,-,14.62463284,2789,-0.78125,14,33
14-apr.-2017 18:46:36.863,-,14.62463284,2807.25,-0.78125,14,33.5
14-apr.-2017 18:46:36.963,-,14.63539982,2807.25,-0.78125,14,33.5
14-apr.-2017 18:46:37.063,-,14.63539982,2807.25,-0.78125,14,33
14-apr.-2017 18:46:37.163,-,14.48825645,2816.25,-0.78125,14,33
14-apr.-2017 18:46:37.263,-,14.48825645,2816.25,-0.78125,14,33
14-apr.-2017 18:46:37.365,-,14.62104511,2816.25,-0.78125,14,33
14-apr.-2017 18:46:37.462,-,14.62104511,2846.25,-0.78125,14,33
14-apr.-2017 18:46:37.562,-,14.57797813,2846.25,-0.78125,14,33.5
14-apr.-2017 18:46:37.663,-,14.57797813,2869.25,-0.78125,14,33.5
14-apr.-2017 18:46:37.763,-,14.64257717,2869.25,-0.78125,14,33.5
14-apr.-2017 18:46:37.863,-,14.6461668,2869.25,0,14,34.5
14-apr.-2017 18:46:37.965,-,14.6461668,2878.75,0,14,34.5
14-apr.-2017 18:46:38.062,-,14.61745548,2900.75,0,14,34.5
14-apr.-2017 18:46:38.162,-,14.61745548,2900.75,0,14,33.5
14-apr.-2017 18:46:38.262,-,14.58515644,2911.25,0,14,33.5
14-apr.-2017 18:46:38.363,-,14.58515644,2911.25,0,14,34.5
14-apr.-2017 18:46:38.463,-,14.58515644,2931.75,0,14,34.5
14-apr.-2017 18:46:38.563,-,14.58515644,2931.75,0,14,34.5
14-apr.-2017 18:46:38.664,-,14.63539982,2949.75,0,14,34.5
14-apr.-2017 18:46:38.763,-,14.63539982,2949.75,0,14,34.5
14-apr.-2017 18:46:38.862,-,14.59951115,2963.25,0,14,34.5
14-apr.-2017 18:46:38.963,-,14.59951115,2963.25,0,14,34.5
14-apr.-2017 18:46:39.063,-,14.59951115,2970.75,0,14,35
14-apr.-2017 18:46:39.163,-,14.55644512,2970.75,-0.78125,14,35
14-apr.-2017 18:46:39.263,-,14.55644512,2970.75,-0.78125,14,35
14-apr.-2017 18:46:39.362,-,14.53132343,2995.75,-0.78125,14,35
14-apr.-2017 18:46:39.464,-,14.22626972,2994.25,-0.78125,14,35
14-apr.-2017 18:46:39.563,-,14.22626972,2994.25,-0.78125,14,36.5
14-apr.-2017 18:46:39.664,-,14.22626972,3001.75,-0.78125,14,37.5
14-apr.-2017 18:46:39.762,-,14.22626972,3001.75,-0.78125,14,37.5
14-apr.-2017 18:46:39.863,-,14.47031116,3007.25,-0.78125,14,37.5
14-apr.-2017 18:46:39.963,-,14.47031116,3007.25,-0.78125,14,39
14-apr.-2017 18:46:40.063,-,14.54926777,3029.75,-0.78125,14,39
14-apr.-2017 18:46:40.163,-,14.54926777,3029.75,-0.78125,14,39
14-apr.-2017 18:46:40.263,-,14.54926777,3027.25,-0.78125,14,39
14-apr.-2017 18:46:40.363,-,14.59951115,3033.75,-0.78125,14,39
14-apr.-2017 18:46:40.462,-,14.59951115,3033.75,-0.78125,14,39
14-apr.-2017 18:46:40.563,-,14.58156681,3033.75,-0.78125,14,39
14-apr.-2017 18:46:40.663,-,14.58156681,3033.75,-0.78125,14,39.5
14-apr.-2017 18:46:40.763,-,14.4093008,3033.75,-0.78125,14,39.5
14-apr.-2017 18:46:40.863,-,14.51696777,3039.75,-0.78125,14,39.5
14-apr.-2017 18:46:40.962,-,14.51696777,3039.75,-0.78125,14,39.5
14-apr.-2017 18:46:41.063,-,14.51696777,3039.75,-0.78125,14,39.5
14-apr.-2017 18:46:41.162,-,14.45236874,3039.75,-0.78125,14,39.5
14-apr.-2017 18:46:41.262,-,14.45236874,3043.5,-0.78125,14,39
14-apr.-2017 18:46:41.364,-,14.6318121,3040.5,-0.78125,14,39
14-apr.-2017 18:46:41.463,-,14.6318121,3040.5,-0.78125,14,40.5
14-apr.-2017 18:46:41.564,-,14.87226582,3040.5,-0.78125,14,40.5
14-apr.-2017 18:46:41.663,-,14.87226582,3040.5,-0.78125,14,39
14-apr.-2017 18:46:41.763,-,14.63539982,3045.75,-0.78125,14,39
14-apr.-2017 18:46:41.863,-,14.88303185,3045.75,-0.78125,14,39
14-apr.-2017 18:46:41.962,-,14.88303185,3048,-0.78125,14,40.5
14-apr.-2017 18:46:42.063,-,14.63539982,3051,-0.78125,14,40.5
14-apr.-2017 18:46:42.163,-,14.63539982,3051,-0.78125,14,40.5
14-apr.-2017 18:46:42.263,-,14.65334415,3056.5,-0.78125,14,40.5
14-apr.-2017 18:46:42.363,-,14.65334415,3056.5,-0.78125,14,40.5
14-apr.-2017 18:46:42.463,-,14.65334415,3056.5,-0.78125,14,40.5
14-apr.-2017 18:46:42.563,-,14.91533184,3062.5,-0.78125,14,40.5
14-apr.-2017 18:46:42.663,-,14.76818848,3062.5,-0.78125,14,40.5
14-apr.-2017 18:46:42.763,-,14.76818848,3069.25,-0.78125,14,40.5
14-apr.-2017 18:46:42.862,-,14.83637619,3069.25,-0.78125,14,40.5
14-apr.-2017 18:46:42.962,-,14.83637619,3070.25,-0.78125,14,39.5
14-apr.-2017 18:46:43.062,-,14.59592342,3079.5,-0.78125,14,39.5
14-apr.-2017 18:46:43.162,-,14.59592342,3079.5,-0.78125,14,39.5
14-apr.-2017 18:46:43.263,-,14.65334415,3079.5,-0.78125,14,39.5
14-apr.-2017 18:46:43.362,-,14.65334415,3079.5,-0.78125,14,39.5
14-apr.-2017 18:46:43.463,-,14.65334415,3095,-0.78125,14,39.5
14-apr.-2017 18:46:43.563,-,14.83996487,3095,-0.78125,14,39.5
14-apr.-2017 18:46:43.663,-,14.83996487,3095,-0.78125,14,38
14-apr.-2017 18:46:43.763,-,14.68564415,3095,-0.78125,14,38
14-apr.-2017 18:46:43.863,-,14.68564415,3098.25,-0.78125,14,38
14-apr.-2017 18:46:43.962,-,14.88662052,3098.25,-0.78125,14,38
14-apr.-2017 18:46:44.062,-,14.88662052,3108.5,-0.78125,14,38
14-apr.-2017 18:46:44.164,-,14.68205452,3112.5,-0.78125,14,38
14-apr.-2017 18:46:44.263,-,14.68205452,3112.5,-0.78125,14,38
14-apr.-2017 18:46:44.364,-,14.63539982,3112.5,-0.78125,14,38
14-apr.-2017 18:46:44.463,-,14.7322998,3112.5,-0.78125,14,38
14-apr.-2017 18:46:44.563,-,14.7322998,3119.5,-0.78125,14,38
14-apr.-2017 18:46:44.663,-,14.63898945,3121.75,-0.78125,14,38
14-apr.-2017 18:46:44.763,-,14.63898945,3121.75,-0.78125,14,39
14-apr.-2017 18:46:44.862,-,14.60309982,3123.75,-0.78125,14,39
14-apr.-2017 18:46:44.963,-,14.60309982,3123.75,-0.78125,14,39
14-apr.-2017 18:46:45.063,-,14.57079983,3137,-0.78125,14,39
14-apr.-2017 18:46:45.163,-,14.57079983,3137,-0.78125,13,38
14-apr.-2017 18:46:45.263,-,14.61386681,3137,-0.78125,13,38
14-apr.-2017 18:46:45.363,-,14.61386681,3137,-0.78125,13,39
14-apr.-2017 18:46:45.464,-,14.62463284,3148,-0.78125,13,38
14-apr.-2017 18:46:45.563,-,14.62463284,3147.25,-0.78125,13,38
14-apr.-2017 18:46:45.664,-,14.41647911,3147.25,-0.78125,13,38
14-apr.-2017 18:46:45.763,-,14.41647911,3147.25,-0.78125,13,38
14-apr.-2017 18:46:45.863,-,14.66411114,3149,-0.78125,13,38
14-apr.-2017 18:46:45.963,-,14.66411114,3149,-0.78125,13,38
14-apr.-2017 18:46:46.062,-,14.61027908,3158,-0.78125,13,38
14-apr.-2017 18:46:46.163,-,14.61027908,3158,-0.78125,13,39
14-apr.-2017 18:46:46.263,-,14.61027908,3158,-0.78125,13,39
14-apr.-2017 18:46:46.363,-,14.62104511,3162,-0.78125,13,39
14-apr.-2017 18:46:46.465,-,14.62104511,3162,-0.78125,13,39
14-apr.-2017 18:46:46.563,-,14.64257717,3169.25,-0.78125,13,39
14-apr.-2017 18:46:46.663,-,14.64257717,3169.25,-0.78125,13,38
14-apr.-2017 18:46:46.762,-,14.55285645,3175,-0.78125,13,38
14-apr.-2017 18:46:46.863,-,14.68564415,3175,-0.78125,13,38
14-apr.-2017 18:46:46.964,-,14.68564415,3179,-0.78125,13,38
14-apr.-2017 18:46:47.064,-,14.47748947,3186.25,-0.78125,13,38
14-apr.-2017 18:46:47.162,-,14.47748947,3186.25,-0.78125,13,38
14-apr.-2017 18:46:47.263,-,14.54567909,3186.25,-0.78125,13,38
14-apr.-2017 18:46:47.363,-,14.54567909,3192,-0.78125,13,38
14-apr.-2017 18:46:47.463,-,14.54567909,3192,-0.78125,13,38
14-apr.-2017 18:46:47.563,-,14.60309982,3192,-0.78125,13,38
14-apr.-2017 18:46:47.663,-,14.60309982,3201,-0.78125,13,38
14-apr.-2017 18:46:47.763,-,14.60309982,3201,-0.78125,13,37.5
14-apr.-2017 18:46:47.863,-,14.7251215,3215,-0.78125,13,37.5
14-apr.-2017 18:46:47.963,-,14.7251215,3215,-0.78125,13,36.5
14-apr.-2017 18:46:48.063,-,14.65693378,3224.75,-0.78125,13,36
14-apr.-2017 18:46:48.163,-,14.65693378,3224.75,-0.78125,13,36
14-apr.-2017 18:46:48.263,-,14.65693378,3247.5,0.78125,13,34.5
14-apr.-2017 18:46:48.363,-,14.94763184,3247.5,0.78125,13,34.5
14-apr.-2017 18:46:48.463,-,14.83637619,3247.5,2.34375,13,34.5
14-apr.-2017 18:46:48.563,-,14.83637619,3262.25,2.34375,13,33.5
14-apr.-2017 18:46:48.663,-,14.55285645,3282.75,2.34375,13,33.5
14-apr.-2017 18:46:48.763,-,14.55285645,3282.75,2.34375,13,33.5
14-apr.-2017 18:46:48.863,-,14.55285645,3282.75,2.34375,13,35
14-apr.-2017 18:46:48.962,-,14.38059139,3310.25,2.34375,13,35
14-apr.-2017 18:46:49.062,-,14.38059139,3310.25,2.34375,13,33.5
14-apr.-2017 18:46:49.162,-,14.59592342,3340,2.34375,13,33.5
14-apr.-2017 18:46:49.262,-,14.58156681,3340,2.34375,13,33.5
14-apr.-2017 18:46:49.362,-,14.58156681,3375.5,2.34375,13,33
14-apr.-2017 18:46:49.463,-,14.57079983,3424,2.34375,13,33
14-apr.-2017 18:46:49.566,-,14.57079983,3424,2.34375,13,30
14-apr.-2017 18:46:49.663,-,14.98710918,3438.25,2.34375,13,30
14-apr.-2017 18:46:49.763,-,14.98710918,3438.25,2.34375,13,27.5
14-apr.-2017 18:46:49.863,-,14.98710918,3505.75,2.34375,13,22.5
14-apr.-2017 18:46:49.963,-,14.90815449,3505.75,2.34375,13,22.5
14-apr.-2017 18:46:50.064,-,14.90815449,3560.5,2.34375,13,22.5
14-apr.-2017 18:46:50.163,-,14.82561016,3560.5,2.34375,13,18
14-apr.-2017 18:46:50.263,-,14.82561016,3628.25,2.34375,14,16.5
14-apr.-2017 18:46:50.362,-,13.83149338,3628.25,2.34375,14,16.5
14-apr.-2017 18:46:50.463,-,13.83149338,3741.75,2.34375,14,15.5
14-apr.-2017 18:46:50.563,-,13.50131798,3741.75,2.34375,14,15.5
14-apr.-2017 18:46:50.663,-,13.19985294,3741.75,2.34375,14,15.5
14-apr.-2017 18:46:50.762,-,13.19985294,3785.5,2.34375,14,15.5
14-apr.-2017 18:46:50.862,-,13.13884354,3785.5,2.34375,14,15.5
14-apr.-2017 18:46:50.962,-,13.13884354,3842,2.34375,14,15.5
14-apr.-2017 18:46:51.063,-,13.45825195,3920.25,2.34375,14,15.5
14-apr.-2017 18:46:51.163,-,13.45825195,3920.25,2.34375,14,15
14-apr.-2017 18:46:51.262,-,13.33981895,3961.25,2.34375,14,15
14-apr.-2017 18:46:51.362,-,13.03835487,3961.25,2.34375,14,15
14-apr.-2017 18:46:51.463,-,13.03835487,4018,2.34375,14,14
14-apr.-2017 18:46:51.562,-,13.03835487,4018,2.34375,14,14
14-apr.-2017 18:46:51.667,-,13.08859825,4018,2.34375,14,14
14-apr.-2017 18:46:51.764,-,13.08859825,4083.5,2.34375,14,14
14-apr.-2017 18:46:51.863,-,12.69382381,4135.5,2.34375,14,14
14-apr.-2017 18:46:51.963,-,13.27880764,4135.5,2.34375,14,13.5
14-apr.-2017 18:46:52.063,-,13.27880764,4207.25,2.34375,14,12
14-apr.-2017 18:46:52.162,-,13.27880764,4207.25,2.34375,14,12
14-apr.-2017 18:46:52.263,-,13.27880764,4272.75,2.34375,14,11
14-apr.-2017 18:46:52.363,-,12.72253418,4272.75,2.34375,14,11
14-apr.-2017 18:46:52.463,-,12.75483418,4272.75,2.34375,14,11
14-apr.-2017 18:46:52.563,-,12.75483418,4320,2.34375,14,11
14-apr.-2017 18:46:52.663,-,12.75483418,4320,2.34375,18,10.5
14-apr.-2017 18:46:52.763,-,12.74406719,4320,2.34375,18,10.5
14-apr.-2017 18:46:52.863,-,12.74406719,4423.75,2.34375,18,10.5
14-apr.-2017 18:46:52.963,-,13.15319824,4494.75,2.34375,18,10.5
14-apr.-2017 18:46:53.063,-,13.15319824,4494.75,2.34375,18,10.5
14-apr.-2017 18:46:53.164,-,12.75483418,4494.75,2.34375,18,10.5
14-apr.-2017 18:46:53.263,-,12.60410118,4494.75,2.34375,18,10.5
14-apr.-2017 18:46:53.363,-,12.60410118,4529.75,2.34375,18,10.5
14-apr.-2017 18:46:53.463,-,12.83019924,4529.75,2.34375,18,10.5
14-apr.-2017 18:46:53.563,-,12.83019924,4582.75,2.34375,18,10.5
14-apr.-2017 18:46:53.664,-,12.65434551,4615.75,2.34375,18,10.5
14-apr.-2017 18:46:53.762,-,12.65434551,4615.75,2.34375,18,10.5
14-apr.-2017 18:46:53.862,-,12.65434551,4615.75,2.34375,18,10.5
14-apr.-2017 18:46:53.963,-,12.75483418,4679.75,2.34375,18,10.5
14-apr.-2017 18:46:54.063,-,12.75483418,4679.75,2.34375,23,10.5
14-apr.-2017 18:46:54.163,-,13.02758694,4717.75,2.34375,23,10.5
14-apr.-2017 18:46:54.263,-,13.02758694,4717.75,2.34375,23,14
14-apr.-2017 18:46:54.362,-,12.80507755,4720.5,2.34375,23,14
14-apr.-2017 18:46:54.462,-,12.58256817,4720.5,2.34375,23,14
14-apr.-2017 18:46:54.563,-,12.58256817,4770.75,2.34375,23,18
14-apr.-2017 18:46:54.663,-,12.88044357,4775.5,2.34375,23,18
14-apr.-2017 18:46:54.763,-,12.88044357,4775.5,2.34375,23,17
14-apr.-2017 18:46:54.863,-,12.88044357,4446,2.34375,23,2
14-apr.-2017 18:46:54.963,-,12.62204552,4446,2.34375,23,2
14-apr.-2017 18:46:55.063,-,12.62204552,4166.5,2.34375,23,2
14-apr.-2017 18:46:55.164,-,12.62204552,4166.5,2.34375,23,2
14-apr.-2017 18:46:55.263,-,12.9629879,4077.5,2.34375,25,2
14-apr.-2017 18:46:55.364,-,12.9629879,4077.5,2.34375,25,16.5
14-apr.-2017 18:46:55.463,-,12.83019924,4087.5,2.34375,25,19.5
14-apr.-2017 18:46:55.563,-,12.83019924,4087.5,2.34375,25,19.5
14-apr.-2017 18:46:55.664,-,12.83019924,4095,2.34375,25,19.5
14-apr.-2017 18:46:55.763,-,12.95939922,4095,2.34375,25,19.5
14-apr.-2017 18:46:55.862,-,12.95939922,4095,2.34375,25,19.5
14-apr.-2017 18:46:55.962,-,12.84096718,4128.75,2.34375,25,19.5
14-apr.-2017 18:46:56.062,-,13.05270958,4128.75,2.34375,25,19.5
14-apr.-2017 18:46:56.163,-,13.05270958,4158.25,2.34375,25,17
14-apr.-2017 18:46:56.262,-,13.11013222,4158.25,2.34375,25,17
14-apr.-2017 18:46:56.362,-,13.11013222,4215.75,2.34375,25,13.5
14-apr.-2017 18:46:56.463,-,13.11013222,4215.75,2.34375,25,13.5
14-apr.-2017 18:46:56.562,-,12.63999081,4265.25,2.34375,25,13.5
14-apr.-2017 18:46:56.665,-,12.63999081,4265.25,2.34375,27,12
14-apr.-2017 18:46:56.763,-,12.61127949,4282.25,2.34375,27,12
14-apr.-2017 18:46:56.863,-,12.61127949,4282.25,2.34375,27,10.5
14-apr.-2017 18:46:56.963,-,12.97016525,4323.75,2.34375,27,10.5
14-apr.-2017 18:46:57.063,-,12.60410118,4323.75,2.34375,27,10.5
14-apr.-2017 18:46:57.163,-,12.60410118,4341,2.34375,27,10.5
14-apr.-2017 18:46:57.263,-,13.30393028,4300.5,2.34375,27,10.5
14-apr.-2017 18:46:57.362,-,13.30393028,4300.5,-0.78125,27,1.5
14-apr.-2017 18:46:57.463,-,10.55844688,4289.5,-0.78125,27,11
14-apr.-2017 18:46:57.563,-,10.55844688,4289.5,-0.78125,27,11
14-apr.-2017 18:46:57.664,-,10.55844688,4237.25,-0.78125,27,16.5
14-apr.-2017 18:46:57.763,-,10.55844688,4237.25,-0.78125,27,16.5
14-apr.-2017 18:46:57.862,-,23.56809044,4197.25,-0.78125,27,16.5
14-apr.-2017 18:46:57.963,-,23.56809044,4197.25,-0.78125,29,18.5
14-apr.-2017 18:46:58.063,-,29.39955139,4179.75,-0.78125,29,17
14-apr.-2017 18:46:58.163,-,29.39955139,4179.75,-0.78125,29,17
14-apr.-2017 18:46:58.262,-,29.39955139,4179.75,-0.78125,29,18
14-apr.-2017 18:46:58.363,-,29.39955139,4148,-0.78125,29,18
14-apr.-2017 18:46:58.464,-,29.39955139,4126,-0.78125,29,18
14-apr.-2017 18:46:58.563,-,29.39955139,4126,-0.78125,29,20
14-apr.-2017 18:46:58.663,-,29.39955139,4108.25,-0.78125,29,20
14-apr.-2017 18:46:58.762,-,29.39955139,4108.25,-0.78125,29,19.5
14-apr.-2017 18:46:58.862,-,29.39955139,4076.75,-0.78125,29,18.5
14-apr.-2017 18:46:58.963,-,29.39955139,4076.75,-0.78125,29,18.5
14-apr.-2017 18:46:59.062,-,29.39955139,4076.75,-0.78125,29,18.5
14-apr.-2017 18:46:59.163,-,29.39955139,4041.25,-0.78125,29,18.5
14-apr.-2017 18:46:59.263,-,29.39955139,4018.5,-0.78125,29,18
14-apr.-2017 18:46:59.363,-,29.39955139,3982,-0.78125,29,18
14-apr.-2017 18:46:59.463,-,29.39955139,3982,-0.78125,29,16.5
14-apr.-2017 18:46:59.563,-,29.39955139,3982,-0.78125,29,16.5
14-apr.-2017 18:46:59.663,-,29.39955139,3948.75,-0.78125,29,16.5
14-apr.-2017 18:46:59.762,-,29.39955139,3948.75,-0.78125,29,15.5
14-apr.-2017 18:46:59.862,-,29.39955139,3879.5,-0.78125,29,15
14-apr.-2017 18:46:59.964,-,29.39955139,3842.5,-0.78125,29,15
14-apr.-2017 18:47:00.063,-,29.39955139,3842.5,-0.78125,29,13.5
14-apr.-2017 18:47:00.163,-,29.39955139,3842.5,-0.78125,27,13.5
14-apr.-2017 18:47:00.263,-,29.39955139,3842.5,-0.78125,27,14
14-apr.-2017 18:47:00.363,-,29.39955139,3842.5,-0.78125,27,14
14-apr.-2017 18:47:00.463,-,29.39955139,3740.25,-0.78125,27,13.5
14-apr.-2017 18:47:00.563,-,29.39955139,3740.25,-0.78125,27,13.5
14-apr.-2017 18:47:00.663,-,29.39955139,3702,-0.78125,27,13.5
14-apr.-2017 18:47:00.763,-,29.39955139,3702,-0.78125,27,13.5
14-apr.-2017 18:47:00.863,-,29.39955139,3652.75,-0.78125,27,21
14-apr.-2017 18:47:00.963,-,29.39955139,3652.75,-0.78125,27,21
14-apr.-2017 18:47:01.062,-,29.39955139,3652.75,-0.78125,27,14
14-apr.-2017 18:47:01.163,-,29.39955139,3603.25,-0.78125,27,14
14-apr.-2017 18:47:01.263,-,29.39955139,3603.25,-0.78125,27,12.5
14-apr.-2017 18:47:01.363,-,29.39955139,3575,-0.78125,27,12.5
14-apr.-2017 18:47:01.464,-,29.39955139,3548,-0.78125,27,12.5
14-apr.-2017 18:47:01.563,-,29.39955139,3548,-0.78125,27,12.5
14-apr.-2017 18:47:01.664,-,29.39955139,3548,-0.78125,26,11
14-apr.-2017 18:47:01.763,-,29.39955139,3501.25,-0.78125,26,11
14-apr.-2017 18:47:01.863,-,29.39955139,3501.25,-0.78125,26,12
14-apr.-2017 18:47:01.963,-,29.39955139,3492.5,-0.78125,26,12
14-apr.-2017 18:47:02.063,-,29.39955139,3492.5,-0.78125,26,12
14-apr.-2017 18:47:02.163,-,29.39955139,3464.5,-0.78125,26,12
14-apr.-2017 18:47:02.264,-,29.39955139,3448.75,-0.78125,26,12
14-apr.-2017 18:47:02.364,-,29.39955139,3448.75,-0.78125,26,11
14-apr.-2017 18:47:02.463,-,29.39955139,3421.75,-0.78125,26,10.5
14-apr.-2017 18:47:02.562,-,29.39955139,3421.75,-0.78125,26,10.5
14-apr.-2017 18:47:02.663,-,29.39955139,3421.75,-0.78125,26,11
14-apr.-2017 18:47:02.762,-,29.39955139,3413.75,-0.78125,26,11
14-apr.-2017 18:47:02.862,-,29.39955139,3413.75,-0.78125,26,11
14-apr.-2017 18:47:02.963,-,29.39955139,3413.75,-0.78125,26,11
14-apr.-2017 18:47:03.063,-,29.39955139,3378.75,-0.78125,25,11
14-apr.-2017 18:47:03.163,-,29.39955139,3378.75,-0.78125,25,11
14-apr.-2017 18:47:03.262,-,29.39955139,3366,-0.78125,25,15.5
14-apr.-2017 18:47:03.363,-,29.39955139,3349.25,-0.78125,25,15.5
14-apr.-2017 18:47:03.463,-,29.39955139,3349.25,-0.78125,25,27
14-apr.-2017 18:47:03.563,-,16.09248161,3349.25,-0.78125,25,27
14-apr.-2017 18:47:03.666,-,14.82561016,3349.25,-0.78125,25,32
14-apr.-2017 18:47:03.763,-,14.82561016,3341.25,-0.78125,25,32
14-apr.-2017 18:47:03.863,-,13.78842735,3330,-0.78125,25,32
14-apr.-2017 18:47:03.964,-,13.78842735,3330,-0.78125,25,28.5
14-apr.-2017 18:47:04.063,-,13.78842735,3336.25,-0.78125,25,28.5
14-apr.-2017 18:47:04.162,-,13.78842735,3336.25,-0.78125,25,33.5
14-apr.-2017 18:47:04.263,-,13.91762638,3336.25,-0.78125,25,33.5
14-apr.-2017 18:47:04.363,-,13.91762638,3349.75,-0.78125,25,40.5
14-apr.-2017 18:47:04.463,-,14.4093008,3362.75,-0.78125,25,40.5
14-apr.-2017 18:47:04.563,-,14.4093008,3362.75,-0.78125,25,35
14-apr.-2017 18:47:04.664,-,14.4093008,3323,-0.78125,25,33.5
14-apr.-2017 18:47:04.763,-,14.3088131,3323,-0.78125,25,33.5
14-apr.-2017 18:47:04.863,-,14.3088131,3309.75,-0.78125,25,33
14-apr.-2017 18:47:04.963,-,14.1114254,3309.75,-0.78125,25,33
14-apr.-2017 18:47:05.063,-,14.1114254,3309.75,-0.78125,25,32
14-apr.-2017 18:47:05.164,-,14.05041409,3319.5,-0.78125,25,32
14-apr.-2017 18:47:05.262,-,14.12578201,3319.5,-0.78125,25,36
14-apr.-2017 18:47:05.364,-,14.12578201,3304.25,-0.78125,25,36
14-apr.-2017 18:47:05.464,-,14.12578201,3304.25,0.78125,25,36
14-apr.-2017 18:47:05.563,-,14.04323673,3318.25,0.78125,25,36
14-apr.-2017 18:47:05.663,-,14.04323673,3318.25,0.78125,24,34.5
14-apr.-2017 18:47:05.763,-,13.9929924,3321.75,2.34375,24,34.5
14-apr.-2017 18:47:05.863,-,13.85302639,3321.75,2.34375,24,35
14-apr.-2017 18:47:05.963,-,13.85302639,3321.75,2.34375,24,35
14-apr.-2017 18:47:06.063,-,14.36982441,3322.5,2.34375,24,34.5
14-apr.-2017 18:47:06.163,-,14.36982441,3322.5,2.34375,24,34.5
14-apr.-2017 18:47:06.264,-,14.36982441,3332.25,2.34375,24,35
14-apr.-2017 18:47:06.363,-,14.41647911,3338.5,2.34375,24,35
14-apr.-2017 18:47:06.463,-,14.41647911,3338.5,2.34375,24,36
14-apr.-2017 18:47:06.563,-,14.44877815,3338.5,2.34375,24,36
14-apr.-2017 18:47:06.664,-,14.44877815,3338.5,2.34375,24,36
14-apr.-2017 18:47:06.763,-,14.5205574,3359.25,2.34375,24,36
14-apr.-2017 18:47:06.863,-,14.5205574,3359.25,2.34375,24,34.5
14-apr.-2017 18:47:06.966,-,14.5133791,3363.25,2.34375,22,34.5
14-apr.-2017 18:47:07.064,-,14.5133791,3363.25,2.34375,22,33.5
14-apr.-2017 18:47:07.166,-,14.83996487,3371.75,2.34375,22,33.5
14-apr.-2017 18:47:07.264,-,14.83996487,3371.75,2.34375,22,31.5
14-apr.-2017 18:47:07.369,-,14.63898945,3391,2.34375,22,31.5
14-apr.-2017 18:47:07.463,-,14.59233475,3391,2.34375,22,31.5
14-apr.-2017 18:47:07.564,-,14.5205574,3409.5,2.34375,22,32
14-apr.-2017 18:47:07.663,-,14.5205574,3416.5,2.34375,22,31.5
14-apr.-2017 18:47:07.762,-,14.5205574,3416.5,2.34375,22,31.5
14-apr.-2017 18:47:07.862,-,14.68564415,3416.5,2.34375,22,31.5
14-apr.-2017 18:47:07.963,-,14.68564415,3416.5,2.34375,22,31.5
14-apr.-2017 18:47:08.063,-,14.68564415,3435.25,2.34375,22,30
14-apr.-2017 18:47:08.163,-,14.43083477,3448.75,2.34375,22,30
14-apr.-2017 18:47:08.263,-,14.43083477,3448.75,2.34375,22,30
14-apr.-2017 18:47:08.365,-,14.82561016,3460,2.34375,22,30
14-apr.-2017 18:47:08.466,-,14.38059139,3460,2.34375,22,30
14-apr.-2017 18:47:08.564,-,14.38059139,3467.75,2.34375,22,30
14-apr.-2017 18:47:08.663,-,14.49902248,3489,2.34375,22,30
14-apr.-2017 18:47:08.763,-,14.49902248,3489,2.34375,22,30
14-apr.-2017 18:47:08.863,-,14.49902248,3499.25,2.34375,22,30
14-apr.-2017 18:47:08.963,-,14.66052151,3499.25,2.34375,22,30
14-apr.-2017 18:47:09.064,-,14.66052151,3499.25,2.34375,22,30
14-apr.-2017 18:47:09.163,-,14.83278751,3516.5,2.34375,22,30
14-apr.-2017 18:47:09.266,-,14.83278751,3516.5,2.34375,22,30
14-apr.-2017 18:47:09.364,-,14.5133791,3516.5,2.34375,22,30
14-apr.-2017 18:47:09.463,-,14.5133791,3517.5,2.34375,20,33
14-apr.-2017 18:47:09.562,-,14.32675743,3530,2.34375,20,33
14-apr.-2017 18:47:09.663,-,14.32675743,3530,2.34375,20,34.5
14-apr.-2017 18:47:09.763,-,14.5133791,3530,2.34375,20,34.5
14-apr.-2017 18:47:09.863,-,14.5133791,3530,2.34375,20,33
14-apr.-2017 18:47:09.963,-,14.76818848,3553,2.34375,20,33
14-apr.-2017 18:47:10.063,-,14.76818848,3553,2.34375,20,31.5
14-apr.-2017 18:47:10.165,-,14.83637619,3568.25,2.34375,20,31.5
14-apr.-2017 18:47:10.263,-,14.61027908,3568.25,2.34375,20,31.5
14-apr.-2017 18:47:10.363,-,14.61027908,3591.75,2.34375,20,27.5
14-apr.-2017 18:47:10.463,-,14.55285645,3616.25,2.34375,20,27.5
14-apr.-2017 18:47:10.563,-,14.55285645,3616.25,2.34375,20,23
14-apr.-2017 18:47:10.663,-,14.4093008,3631,2.34375,20,23
14-apr.-2017 18:47:10.763,-,14.4093008,3631,2.34375,20,23
14-apr.-2017 18:47:10.863,-,14.52414513,3661.25,2.34375,20,22.5
14-apr.-2017 18:47:10.963,-,14.52414513,3661.25,2.34375,20,22.5
14-apr.-2017 18:47:11.063,-,14.52414513,3669.25,2.34375,20,21.5
14-apr.-2017 18:47:11.163,-,14.51696777,3669.25,2.34375,20,21.5
14-apr.-2017 18:47:11.263,-,14.51696777,3694.25,2.34375,20,21
14-apr.-2017 18:47:11.364,-,14.36982441,3694.25,2.34375,20,21
14-apr.-2017 18:47:11.463,-,14.34829044,3694.25,2.34375,20,21.5
14-apr.-2017 18:47:11.563,-,14.34829044,3716.75,2.34375,20,21.5
14-apr.-2017 18:47:11.666,-,14.14013577,3716.75,2.34375,20,21.5
14-apr.-2017 18:47:11.762,-,14.14013577,3738,2.34375,20,21.5
14-apr.-2017 18:47:11.865,-,14.14013577,3738,2.34375,20,22.5
14-apr.-2017 18:47:11.963,-,14.49184608,3758.25,2.34375,20,22.5
14-apr.-2017 18:47:12.063,-,14.49184608,3758.25,2.34375,21,21.5
14-apr.-2017 18:47:12.162,-,14.57797813,3778.5,2.34375,21,23
14-apr.-2017 18:47:12.263,-,13.59821701,3778.5,2.34375,21,23
14-apr.-2017 18:47:12.363,-,13.59821701,3757.5,-0.78125,21,23
14-apr.-2017 18:47:12.463,-,13.31110859,3753,-0.78125,21,23
14-apr.-2017 18:47:12.563,-,13.31110859,3753,-0.78125,21,9
14-apr.-2017 18:47:12.664,-,15.15578556,3726.25,-0.78125,21,9
14-apr.-2017 18:47:12.763,-,15.15578556,3726.25,-0.78125,21,9.5
14-apr.-2017 18:47:12.863,-,15.15578556,3690,-0.78125,21,12
14-apr.-2017 18:47:12.962,-,12.44978046,3690,-0.78125,21,12
14-apr.-2017 18:47:13.062,-,12.44978046,3690,-0.78125,21,12
14-apr.-2017 18:47:13.164,-,14.46313381,3642.5,-0.78125,21,12
14-apr.-2017 18:47:13.267,-,14.46313381,3642.5,-0.78125,21,13.5
14-apr.-2017 18:47:13.363,-,29.39955139,3642.5,-0.78125,21,13.5
14-apr.-2017 18:47:13.462,-,29.39955139,3624.75,-0.78125,21,13.5
14-apr.-2017 18:47:13.563,-,29.39955139,3624.75,-0.78125,21,13.5
14-apr.-2017 18:47:13.663,-,29.39955139,3603.75,-0.78125,21,13.5
14-apr.-2017 18:47:13.762,-,29.39955139,3603.75,-0.78125,21,13.5
14-apr.-2017 18:47:13.862,-,29.39955139,3580.5,-0.78125,21,18.5
14-apr.-2017 18:47:13.965,-,29.39955139,3580.5,-0.78125,21,18.5
14-apr.-2017 18:47:14.063,-,29.39955139,3580.5,-0.78125,21,18.5
14-apr.-2017 18:47:14.162,-,29.39955139,3554.5,-0.78125,21,15.5
14-apr.-2017 18:47:14.263,-,29.39955139,3534.5,-0.78125,21,15.5
14-apr.-2017 18:47:14.363,-,29.39955139,3534.5,-0.78125,21,15.5
14-apr.-2017 18:47:14.462,-,29.39955139,3534.5,-0.78125,20,12
14-apr.-2017 18:47:14.563,-,29.39955139,3505.75,-0.78125,20,12
14-apr.-2017 18:47:14.663,-,29.39955139,3505.75,-0.78125,20,12
14-apr.-2017 18:47:14.763,-,29.39955139,3491,-0.78125,20,12
14-apr.-2017 18:47:14.863,-,29.39955139,3491,-0.78125,20,12
14-apr.-2017 18:47:14.963,-,29.39955139,3469.25,-0.78125,20,12
14-apr.-2017 18:47:15.064,-,29.39955139,3444,-0.78125,20,12
14-apr.-2017 18:47:15.162,-,29.39955139,3444,-0.78125,20,12
14-apr.-2017 18:47:15.265,-,29.39955139,3428.25,-0.78125,20,11
14-apr.-2017 18:47:15.363,-,29.39955139,3428.25,-0.78125,20,11
14-apr.-2017 18:47:15.463,-,29.39955139,3428.25,-0.78125,20,11
14-apr.-2017 18:47:15.562,-,29.39955139,3405.75,-0.78125,20,11
14-apr.-2017 18:47:15.663,-,29.39955139,3405.75,-0.78125,20,11
14-apr.-2017 18:47:15.762,-,29.39955139,3405.75,-0.78125,20,11
14-apr.-2017 18:47:15.864,-,29.39955139,3363.75,-0.78125,20,9.5
14-apr.-2017 18:47:15.962,-,29.39955139,3363.75,-0.78125,20,9.5
14-apr.-2017 18:47:16.062,-,29.39955139,3344.25,-0.78125,20,9.5
14-apr.-2017 18:47:16.163,-,29.39955139,3344.25,-0.78125,20,9.5
14-apr.-2017 18:47:16.263,-,29.39955139,3327.5,-0.78125,20,9
14-apr.-2017 18:47:16.363,-,29.39955139,3327.5,-0.78125,20,9
14-apr.-2017 18:47:16.463,-,29.39955139,3327.5,-0.78125,20,9
14-apr.-2017 18:47:16.562,-,29.39955139,3303.75,-0.78125,20,9
14-apr.-2017 18:47:16.667,-,29.39955139,3287.25,-0.78125,20,9
14-apr.-2017 18:47:16.762,-,29.39955139,3287.25,-0.78125,20,9
14-apr.-2017 18:47:16.862,-,29.39955139,3271.75,-0.78125,20,9
14-apr.-2017 18:47:16.962,-,29.39955139,3271.75,-0.78125,20,9
14-apr.-2017 18:47:17.064,-,29.39955139,3250.75,-0.78125,20,9
14-apr.-2017 18:47:17.162,-,29.39955139,3250.75,-0.78125,20,8
14-apr.-2017 18:47:17.264,-,29.39955139,3235.25,-0.78125,20,7.5
14-apr.-2017 18:47:17.363,-,29.39955139,3235.25,-0.78125,20,7.5
14-apr.-2017 18:47:17.463,-,29.39955139,3222,-0.78125,20,7.5
14-apr.-2017 18:47:17.564,-,29.39955139,3222,-0.78125,20,7.5
14-apr.-2017 18:47:17.664,-,29.39955139,3204.25,-0.78125,20,7.5
14-apr.-2017 18:47:17.763,-,29.39955139,3204.25,-0.78125,20,7.5
14-apr.-2017 18:47:17.863,-,29.39955139,3204.25,-0.78125,20,7.5
14-apr.-2017 18:47:17.963,-,29.39955139,3190.25,-0.78125,20,7.5
14-apr.-2017 18:47:18.066,-,29.39955139,3190.25,-0.78125,20,7.5
14-apr.-2017 18:47:18.163,-,29.39955139,3176.5,-0.78125,20,7.5
14-apr.-2017 18:47:18.263,-,29.39955139,3176.5,-0.78125,20,7.5
14-apr.-2017 18:47:18.364,-,29.39955139,3176.5,-0.78125,20,7.5
14-apr.-2017 18:47:18.463,-,16.65593147,3160.5,-0.78125,20,14
14-apr.-2017 18:47:18.563,-,16.65593147,3160.5,-0.78125,20,14
14-apr.-2017 18:47:18.663,-,16.65593147,3142.5,-0.78125,20,19.5
14-apr.-2017 18:47:18.762,-,15.20603085,3142.5,-0.78125,20,19.5
14-apr.-2017 18:47:18.862,-,15.20603085,3140.25,-0.78125,20,27
14-apr.-2017 18:47:18.963,-,14.19396973,3140.25,-0.78125,20,27
14-apr.-2017 18:47:19.063,-,14.19396973,3140.25,-0.78125,20,33
14-apr.-2017 18:47:19.162,-,13.4044199,3142.25,-0.78125,20,33
14-apr.-2017 18:47:19.263,-,13.34340858,3142.25,-0.78125,20,31.5
14-apr.-2017 18:47:19.363,-,13.34340858,3123,-0.78125,20,31.5
14-apr.-2017 18:47:19.466,-,13.34340858,3123,-0.78125,20,31.5
14-apr.-2017 18:47:19.563,-,13.29675198,3119,-0.78125,20,31.5
14-apr.-2017 18:47:19.662,-,13.29675198,3119,-0.78125,19,38
14-apr.-2017 18:47:19.762,-,13.44748497,3110.5,-0.78125,19,38
14-apr.-2017 18:47:19.862,-,13.44748497,3110.5,-0.78125,19,45
14-apr.-2017 18:47:19.965,-,13.81355,3110.5,-0.78125,19,44
14-apr.-2017 18:47:20.063,-,14.08271503,3100.75,-0.78125,19,44
14-apr.-2017 18:47:20.164,-,14.08271503,3100.75,-0.78125,19,44
14-apr.-2017 18:47:20.262,-,14.2693367,3110,-0.78125,19,44
14-apr.-2017 18:47:20.362,-,14.2693367,3110,-0.78125,19,44
14-apr.-2017 18:47:20.463,-,14.2693367,3087.75,-0.78125,19,44
14-apr.-2017 18:47:20.563,-,14.19396973,3083.25,-0.78125,19,44
14-apr.-2017 18:47:20.663,-,14.19396973,3083.25,-0.78125,19,44
14-apr.-2017 18:47:20.763,-,14.19396973,3083.25,-0.78125,19,44
14-apr.-2017 18:47:20.863,-,14.17602539,3088.25,-0.78125,19,44
14-apr.-2017 18:47:20.963,-,14.17602539,3088.25,-0.78125,19,44
14-apr.-2017 18:47:21.063,-,13.96428108,3070.75,-0.78125,19,44
14-apr.-2017 18:47:21.163,-,13.96428108,3070.75,-0.78125,19,44
14-apr.-2017 18:47:21.262,-,13.99658203,3073,-0.78125,19,44
14-apr.-2017 18:47:21.363,-,13.99658203,3070.25,-0.78125,19,44
14-apr.-2017 18:47:21.463,-,13.99658203,3070.25,-0.78125,19,43.5
14-apr.-2017 18:47:21.563,-,14.09348106,3070.25,-0.78125,19,43.5
14-apr.-2017 18:47:21.663,-,14.16525745,3070.25,-0.78125,19,43.5
14-apr.-2017 18:47:21.762,-,14.16525745,3055,-0.78125,19,42.5
14-apr.-2017 18:47:21.863,-,13.88891602,3059.75,-0.78125,19,42.5
14-apr.-2017 18:47:21.962,-,13.88891602,3059.75,-0.78125,19,42.5
14-apr.-2017 18:47:22.063,-,13.88891602,3059.75,-0.78125,19,42.5
14-apr.-2017 18:47:22.164,-,13.88891602,3045.75,-0.78125,18,42.5
14-apr.-2017 18:47:22.263,-,13.88891602,3045.75,-0.78125,18,41
14-apr.-2017 18:47:22.364,-,14.22626972,3056.75,-0.78125,18,41
14-apr.-2017 18:47:22.462,-,14.32675743,3042.75,-0.78125,18,41
14-apr.-2017 18:47:22.563,-,14.32675743,3042.75,-0.78125,18,41
14-apr.-2017 18:47:22.665,-,14.32675743,3034.25,-0.78125,18,39.5
14-apr.-2017 18:47:22.762,-,14.54926777,3047.5,-0.78125,18,39.5
14-apr.-2017 18:47:22.862,-,14.61386681,3047.5,-0.78125,18,39
14-apr.-2017 18:47:22.963,-,14.61386681,3047.5,-0.78125,18,39
14-apr.-2017 18:47:23.063,-,14.61027908,3044.5,-0.78125,18,39
14-apr.-2017 18:47:23.163,-,14.61027908,3044.5,-0.78125,18,38
14-apr.-2017 18:47:23.263,-,14.87585354,3044.5,-0.78125,18,38
14-apr.-2017 18:47:23.363,-,14.87585354,3032,-0.78125,18,38
14-apr.-2017 18:47:23.464,-,14.87585354,3032,-0.78125,18,37.5
14-apr.-2017 18:47:23.564,-,14.51696777,3016.25,-0.78125,18,37.5
14-apr.-2017 18:47:23.663,-,14.51696777,3016.25,-0.78125,18,38
14-apr.-2017 18:47:23.762,-,15.04453087,3037.25,-0.78125,18,38
14-apr.-2017 18:47:23.864,-,14.50620174,3044.25,-0.78125,18,38
14-apr.-2017 18:47:23.963,-,14.50620174,3044.25,-0.78125,18,36.5
14-apr.-2017 18:47:24.063,-,14.64257717,3043.5,-0.78125,18,36.5
14-apr.-2017 18:47:24.164,-,14.64257717,3043.5,-0.78125,18,36.5
14-apr.-2017 18:47:24.263,-,14.64257717,3057.5,-0.78125,18,35
14-apr.-2017 18:47:24.363,-,14.57438946,3057.5,-0.78125,18,35
14-apr.-2017 18:47:24.462,-,14.53132343,3057.5,0,18,34.5
14-apr.-2017 18:47:24.564,-,14.53132343,3055.25,0,18,34.5
14-apr.-2017 18:47:24.672,-,14.53132343,3055.25,0,18,34.5
14-apr.-2017 18:47:24.763,-,14.63898945,3075.75,0.78125,18,34.5
14-apr.-2017 18:47:24.862,-,14.63898945,3075.75,0.78125,18,34.5
14-apr.-2017 18:47:24.962,-,14.46313381,3075.75,2.34375,18,34.5
14-apr.-2017 18:47:25.062,-,14.46313381,3074.5,2.34375,18,35
14-apr.-2017 18:47:25.163,-,14.66052151,3075.75,2.34375,18,35
14-apr.-2017 18:47:25.263,-,14.66052151,3075.75,2.34375,18,35
14-apr.-2017 18:47:25.364,-,14.4093008,3075.75,2.34375,18,35
14-apr.-2017 18:47:25.463,-,14.44877815,3075.75,2.34375,18,35
14-apr.-2017 18:47:25.563,-,14.44877815,3081.75,2.34375,18,35
14-apr.-2017 18:47:25.664,-,14.5205574,3090.75,2.34375,18,35
14-apr.-2017 18:47:25.762,-,14.5205574,3090.75,2.34375,18,35
14-apr.-2017 18:47:25.862,-,14.5205574,3090.75,2.34375,18,35
14-apr.-2017 18:47:25.963,-,14.59951115,3102,2.34375,18,35
14-apr.-2017 18:47:26.063,-,14.59951115,3102,2.34375,18,36.5
14-apr.-2017 18:47:26.164,-,14.49543476,3109,2.34375,17,36.5
14-apr.-2017 18:47:26.263,-,14.63898945,3109,2.34375,17,36
14-apr.-2017 18:47:26.366,-,14.63898945,3116.25,2.34375,17,36
14-apr.-2017 18:47:26.463,-,14.61027908,3130.75,2.34375,17,36
14-apr.-2017 18:47:26.563,-,14.61027908,3130.75,2.34375,17,36
14-apr.-2017 18:47:26.663,-,14.58156681,3138.25,2.34375,17,36
14-apr.-2017 18:47:26.763,-,14.57438946,3138.25,2.34375,17,35
14-apr.-2017 18:47:26.863,-,14.57438946,3146,2.34375,17,36
14-apr.-2017 18:47:26.962,-,14.57438946,3146,2.34375,17,36
14-apr.-2017 18:47:27.063,-,14.57438946,3154.75,2.34375,17,36
14-apr.-2017 18:47:27.167,-,14.57438946,3154.75,2.34375,17,36
14-apr.-2017 18:47:27.263,-,14.68205452,3170,2.34375,17,36
14-apr.-2017 18:47:27.363,-,14.68205452,3170,2.34375,17,36
14-apr.-2017 18:47:27.463,-,14.65334415,3170.5,2.34375,17,36
14-apr.-2017 18:47:27.564,-,14.65334415,3170.5,2.34375,17,35
14-apr.-2017 18:47:27.665,-,14.60309982,3185,2.34375,17,35
14-apr.-2017 18:47:27.763,-,14.60309982,3185,2.34375,17,35
14-apr.-2017 18:47:27.863,-,14.60309982,3190.75,2.34375,17,36
14-apr.-2017 18:47:27.963,-,14.57797813,3190.75,2.34375,17,36
14-apr.-2017 18:47:28.062,-,14.57797813,3202.25,1.5625,17,36
14-apr.-2017 18:47:28.164,-,14.62104511,3202.25,1.5625,17,36
14-apr.-2017 18:47:28.263,-,14.62104511,3202.25,1.5625,17,35
14-apr.-2017 18:47:28.363,-,14.6318121,3214.5,1.5625,17,35
14-apr.-2017 18:47:28.463,-,14.6318121,3214.5,1.5625,17,35
14-apr.-2017 18:47:28.563,-,14.55285645,3214.5,1.5625,17,35
14-apr.-2017 18:47:28.664,-,14.55285645,3221.5,1.5625,17,36
14-apr.-2017 18:47:28.763,-,14.63539982,3221.5,1.5625,17,36
14-apr.-2017 18:47:28.863,-,14.63539982,3221.5,1.5625,17,35
14-apr.-2017 18:47:28.963,-,14.5205574,3240,1.5625,17,35
14-apr.-2017 18:47:29.064,-,14.5205574,3240,1.5625,17,35
14-apr.-2017 18:47:29.163,-,14.46672249,3240,1.5625,17,35
14-apr.-2017 18:47:29.263,-,14.68564415,3250,1.5625,17,35
14-apr.-2017 18:47:29.363,-,14.68564415,3250,1.5625,17,35
14-apr.-2017 18:47:29.463,-,14.68564415,3254.75,1.5625,17,35
14-apr.-2017 18:47:29.563,-,14.61027908,3254.75,1.5625,17,35
14-apr.-2017 18:47:29.663,-,14.61027908,3254.75,1.5625,17,35
14-apr.-2017 18:47:29.762,-,14.61027908,3254.75,1.5625,17,35
14-apr.-2017 18:47:29.862,-,14.68205452,3265.75,1.5625,17,35
14-apr.-2017 18:47:29.963,-,14.68205452,3265.75,1.5625,17,35
14-apr.-2017 18:47:30.063,-,14.68205452,3269.25,1.5625,17,35
14-apr.-2017 18:47:30.162,-,14.40571213,3269.25,1.5625,17,35
14-apr.-2017 18:47:30.262,-,14.66052151,3270.75,1.5625,17,35
14-apr.-2017 18:47:30.363,-,14.66052151,3270.75,1.5625,17,35
14-apr.-2017 18:47:30.463,-,14.58515644,3281.25,1.5625,17,35
14-apr.-2017 18:47:30.563,-,14.58515644,3281.25,1.5625,17,35
14-apr.-2017 18:47:30.663,-,14.58515644,3286.75,1.5625,17,35
14-apr.-2017 18:47:30.763,-,14.68205452,3286.75,1.5625,17,35
14-apr.-2017 18:47:30.863,-,14.56362247,3286.75,1.5625,17,35
14-apr.-2017 18:47:30.962,-,14.56362247,3299.25,1.5625,17,35
14-apr.-2017 18:47:31.063,-,14.56362247,3299.25,1.5625,17,36
14-apr.-2017 18:47:31.163,-,14.46313381,3310.75,1.5625,17,36
14-apr.-2017 18:47:31.263,-,14.46313381,3310.75,1.5625,16,36
14-apr.-2017 18:47:31.364,-,14.59233475,3310.75,1.5625,16,36
14-apr.-2017 18:47:31.463,-,14.59233475,3318.25,1.5625,16,36
14-apr.-2017 18:47:31.563,-,14.65693378,3318.25,1.5625,16,36
14-apr.-2017 18:47:31.663,-,14.65693378,3320,2.34375,16,36
14-apr.-2017 18:47:31.763,-,14.47748947,3320,2.34375,16,35
14-apr.-2017 18:47:31.862,-,14.6461668,3320,2.34375,16,35
14-apr.-2017 18:47:31.964,-,14.6461668,3328,2.34375,16,35
14-apr.-2017 18:47:32.063,-,14.70717716,3347,2.34375,16,36
14-apr.-2017 18:47:32.163,-,14.70717716,3347,2.34375,16,36
14-apr.-2017 18:47:32.263,-,14.70717716,3347,2.34375,16,36
14-apr.-2017 18:47:32.363,-,14.70717716,3337.25,2.34375,16,35
14-apr.-2017 18:47:32.463,-,14.59592342,3347,2.34375,16,35
14-apr.-2017 18:47:32.563,-,14.59592342,3347,2.34375,16,35
14-apr.-2017 18:47:32.663,-,14.48466778,3347,2.34375,16,35
14-apr.-2017 18:47:32.763,-,14.48466778,3364.5,2.34375,16,36
14-apr.-2017 18:47:32.863,-,14.62104511,3379.5,2.34375,16,36
14-apr.-2017 18:47:32.963,-,14.62104511,3379.5,2.34375,16,36
14-apr.-2017 18:47:33.063,-,14.49184608,3381.5,2.34375,16,35
14-apr.-2017 18:47:33.164,-,14.49184608,3393.5,2.34375,16,35
14-apr.-2017 18:47:33.263,-,14.49184608,3393.5,2.34375,16,36.5
14-apr.-2017 18:47:33.362,-,14.62104511,3393.5,2.34375,16,36.5
14-apr.-2017 18:47:33.463,-,14.49543476,3393.5,2.34375,16,36.5
14-apr.-2017 18:47:33.565,-,14.49543476,3393.5,2.34375,16,36.5
14-apr.-2017 18:47:33.663,-,14.49543476,3409.5,2.34375,16,36.5
14-apr.-2017 18:47:33.763,-,14.61027908,3417,2.34375,16,36.5
14-apr.-2017 18:47:33.863,-,14.61027908,3417,2.34375,16,37.5
14-apr.-2017 18:47:33.963,-,14.40212345,3408.25,2.34375,16,37.5
14-apr.-2017 18:47:34.063,-,14.43801212,3408.25,-0.78125,16,37.5
14-apr.-2017 18:47:34.165,-,14.43801212,3422.25,-0.78125,16,37.5
14-apr.-2017 18:47:34.263,-,14.62104511,3410.5,-0.78125,16,38
14-apr.-2017 18:47:34.362,-,14.62104511,3410.5,-0.78125,16,38
14-apr.-2017 18:47:34.463,-,14.62104511,3405.5,-0.78125,16,37.5
14-apr.-2017 18:47:34.563,-,14.43083477,3399,-0.78125,16,37.5
14-apr.-2017 18:47:34.663,-,14.43083477,3399,-0.78125,16,39
14-apr.-2017 18:47:34.762,-,14.54926777,3399,-0.78125,16,39
14-apr.-2017 18:47:34.863,-,14.54926777,3399,-0.78125,16,39
14-apr.-2017 18:47:34.963,-,14.85073185,3399,-0.78125,16,39
14-apr.-2017 18:47:35.063,-,14.85073185,3396.5,-0.78125,15,39
14-apr.-2017 18:47:35.164,-,14.61386681,3396.5,-0.78125,15,41
14-apr.-2017 18:47:35.263,-,14.61386681,3400.25,-0.78125,15,42
14-apr.-2017 18:47:35.363,-,14.61386681,3387.75,-0.78125,15,42
14-apr.-2017 18:47:35.464,-,14.61386681,3387.75,-0.78125,15,42
14-apr.-2017 18:47:35.563,-,14.55644512,3393.5,-0.78125,15,42
14-apr.-2017 18:47:35.664,-,14.55644512,3393.5,-0.78125,15,41
14-apr.-2017 18:47:35.763,-,14.45595646,3393.5,-0.78125,15,41
14-apr.-2017 18:47:35.862,-,14.40212345,3393.5,-0.78125,15,41
14-apr.-2017 18:47:35.963,-,14.40212345,3383.75,-0.78125,15,41
14-apr.-2017 18:47:36.063,-,14.29804707,3383.75,-0.78125,15,41
14-apr.-2017 18:47:36.163,-,14.29804707,3379.5,-0.78125,15,41
14-apr.-2017 18:47:36.264,-,14.29804707,3379.5,-0.78125,15,45
14-apr.-2017 18:47:36.362,-,14.25856876,3367.75,-0.78125,15,45
14-apr.-2017 18:47:36.466,-,14.25856876,3367.75,-0.78125,15,45
14-apr.-2017 18:47:36.563,-,14.21909142,3358.25,-0.78125,15,44
14-apr.-2017 18:47:36.663,-,14.46672249,3358.25,-0.78125,15,44
14-apr.-2017 18:47:36.762,-,14.46672249,3345.75,-0.78125,15,44
14-apr.-2017 18:47:36.862,-,14.97275352,3343.5,-0.78125,15,44
14-apr.-2017 18:47:36.962,-,14.92250919,3343.5,-0.78125,15,42.5
14-apr.-2017 18:47:37.065,-,14.92250919,3325.25,-0.78125,15,42
14-apr.-2017 18:47:37.162,-,14.92250919,3325.25,-0.78125,15,42
14-apr.-2017 18:47:37.263,-,14.92250919,3313.75,-0.78125,15,33.5
14-apr.-2017 18:47:37.363,-,13.23215294,3313.75,-0.78125,15,33.5
14-apr.-2017 18:47:37.463,-,13.23215294,3313.75,-0.78125,15,33.5
14-apr.-2017 18:47:37.563,-,14.14013577,3313.75,-0.78125,15,34.5
14-apr.-2017 18:47:37.663,-,14.14013577,3293.25,-0.78125,15,34.5
14-apr.-2017 18:47:37.763,-,14.70358849,3293.25,-0.78125,15,34.5
14-apr.-2017 18:47:37.863,-,14.70358849,3256,-0.78125,15,11
14-apr.-2017 18:47:37.964,-,14.81484318,3260.5,-0.78125,15,11
14-apr.-2017 18:47:38.063,-,15.13784122,3260.5,-0.78125,15,11
14-apr.-2017 18:47:38.163,-,15.13784122,3260.5,-0.78125,15,11
14-apr.-2017 18:47:38.263,-,15.00146484,3237.75,-0.78125,15,11
14-apr.-2017 18:47:38.362,-,15.00146484,3237.75,-0.78125,15,9
14-apr.-2017 18:47:38.462,-,29.39955139,3221,-0.78125,15,9
14-apr.-2017 18:47:38.564,-,29.39955139,3216.25,-0.78125,15,9
14-apr.-2017 18:47:38.664,-,29.39955139,3216.25,-0.78125,15,9
14-apr.-2017 18:47:38.762,-,29.39955139,3216.25,-0.78125,15,7.5
14-apr.-2017 18:47:38.863,-,29.39955139,3207.5,-0.78125,15,7.5
14-apr.-2017 18:47:38.963,-,29.39955139,3207.5,-0.78125,15,8
14-apr.-2017 18:47:39.064,-,29.39955139,3185.5,-0.78125,15,8
14-apr.-2017 18:47:39.163,-,29.39955139,3185.5,-0.78125,15,6.5
14-apr.-2017 18:47:39.263,-,29.39955139,3180.25,-0.78125,15,6.5
14-apr.-2017 18:47:39.362,-,29.39955139,3180.25,-0.78125,15,6.5
14-apr.-2017 18:47:39.463,-,29.39955139,3163.25,-0.78125,15,7.5
14-apr.-2017 18:47:39.563,-,29.39955139,3163.25,-0.78125,15,7.5
14-apr.-2017 18:47:39.664,-,29.39955139,3158.75,-0.78125,15,7.5
14-apr.-2017 18:47:39.763,-,29.39955139,3158.75,-0.78125,15,7.5
14-apr.-2017 18:47:39.865,-,29.39955139,3143,-0.78125,15,7.5
14-apr.-2017 18:47:39.963,-,29.39955139,3143,-0.78125,15,7.5
14-apr.-2017 18:47:40.064,-,29.39955139,3119.5,-0.78125,15,6.5
14-apr.-2017 18:47:40.164,-,29.39955139,3115.25,-0.78125,15,6.5
14-apr.-2017 18:47:40.264,-,29.39955139,3115.25,-0.78125,15,6.5
14-apr.-2017 18:47:40.364,-,29.39955139,3107.75,-0.78125,15,6.5
14-apr.-2017 18:47:40.462,-,29.39955139,3107.75,-0.78125,15,7.5
14-apr.-2017 18:47:40.563,-,29.39955139,3107.75,-0.78125,15,7.5
14-apr.-2017 18:47:40.663,-,29.39955139,3096.5,-0.78125,15,7.5
14-apr.-2017 18:47:40.764,-,29.39955139,3096.5,-0.78125,15,6.5
14-apr.-2017 18:47:40.863,-,29.39955139,3084.5,-0.78125,15,6.5
14-apr.-2017 18:47:40.963,-,29.39955139,3084.5,-0.78125,15,6
14-apr.-2017 18:47:41.063,-,29.39955139,3069.25,-0.78125,15,6
14-apr.-2017 18:47:41.163,-,29.39955139,3069.25,-0.78125,15,6
14-apr.-2017 18:47:41.263,-,29.39955139,3061,-0.78125,15,6
14-apr.-2017 18:47:41.362,-,29.39955139,3061,-0.78125,15,5
14-apr.-2017 18:47:41.462,-,29.39955139,3052.75,-0.78125,15,5
14-apr.-2017 18:47:41.564,-,29.39955139,3052.75,-0.78125,15,5
14-apr.-2017 18:47:41.663,-,29.39955139,3034.5,-0.78125,15,5
14-apr.-2017 18:47:41.762,-,29.39955139,3034.5,-0.78125,15,5
14-apr.-2017 18:47:41.862,-,29.39955139,3028.75,-0.78125,15,6
14-apr.-2017 18:47:41.962,-,29.39955139,3028.75,-0.78125,15,11
14-apr.-2017 18:47:42.066,-,29.39955139,3028.75,-0.78125,15,11
14-apr.-2017 18:47:42.163,-,29.39955139,3032.75,-0.78125,15,11
14-apr.-2017 18:47:42.263,-,16.84255409,3014,-0.78125,15,11
14-apr.-2017 18:47:42.362,-,16.84255409,3014,-0.78125,15,22.5
14-apr.-2017 18:47:42.462,-,14.34470177,3014,-0.78125,15,22.5
14-apr.-2017 18:47:42.562,-,14.34470177,3021.5,-0.78125,15,22.5
14-apr.-2017 18:47:42.666,-,14.34470177,3021.5,-0.78125,15,31.5
14-apr.-2017 18:47:42.763,-,13.57668495,3018,-0.78125,15,31.5
14-apr.-2017 18:47:42.863,-,13.57668495,3018,-0.78125,15,33.5
14-apr.-2017 18:47:42.963,-,13.60898495,3021,-0.78125,15,33.5
14-apr.-2017 18:47:43.064,-,13.60898495,3021,-0.78125,15,39
14-apr.-2017 18:47:43.163,-,13.64128304,3020,-0.78125,15,39
14-apr.-2017 18:47:43.263,-,13.76689434,3015.5,-0.78125,15,39
14-apr.-2017 18:47:43.363,-,13.76689434,3015.5,-0.78125,15,42
14-apr.-2017 18:47:43.464,-,13.80278397,3012.25,-0.78125,15,40.5
14-apr.-2017 18:47:43.562,-,13.80278397,3012.25,-0.78125,15,40.5
14-apr.-2017 18:47:43.664,-,13.80278397,3007.5,-0.78125,15,44
14-apr.-2017 18:47:43.763,-,13.98222637,3007.5,-0.78125,15,44
14-apr.-2017 18:47:43.864,-,13.98222637,3007.5,-0.78125,15,44
14-apr.-2017 18:47:43.963,-,13.93557072,3007.5,-0.78125,15,48
14-apr.-2017 18:47:44.063,-,13.93557072,3005.5,-0.78125,15,48
14-apr.-2017 18:47:44.163,-,13.93557072,3005.5,-0.78125,15,48
14-apr.-2017 18:47:44.263,-,14.00734901,2998.25,-0.78125,15,48
14-apr.-2017 18:47:44.364,-,14.08989239,2998.25,-0.78125,15,46.5
14-apr.-2017 18:47:44.463,-,14.08989239,3003.25,-0.78125,15,46.5
14-apr.-2017 18:47:44.563,-,14.08989239,3003.25,-0.78125,15,46.5
14-apr.-2017 18:47:44.664,-,14.08989239,2997.75,-0.78125,15,45.5
14-apr.-2017 18:47:44.762,-,14.22626972,2995.75,-0.78125,15,45.5
14-apr.-2017 18:47:44.863,-,14.22626972,2995.75,-0.78125,15,45.5
14-apr.-2017 18:47:44.963,-,14.15808105,2995.75,-0.78125,15,45.5
14-apr.-2017 18:47:45.064,-,14.15808105,2995.75,-0.78125,15,45.5
14-apr.-2017 18:47:45.164,-,13.96787071,2995.75,-0.78125,15,45.5
14-apr.-2017 18:47:45.263,-,13.96787071,2998.5,-0.78125,15,45
14-apr.-2017 18:47:45.364,-,14.06835938,2998.5,-0.78125,15,45
14-apr.-2017 18:47:45.465,-,14.03605938,2998.5,-0.78125,15,43.5
14-apr.-2017 18:47:45.565,-,14.03605938,2995.75,-0.78125,15,43.5
14-apr.-2017 18:47:45.663,-,14.12578201,2978.5,-0.78125,15,43.5
14-apr.-2017 18:47:45.763,-,14.12578201,2978.5,-0.78125,15,43.5
14-apr.-2017 18:47:45.862,-,14.05041409,2969.75,-0.78125,15,43.5
14-apr.-2017 18:47:45.963,-,14.05041409,2969.75,-0.78125,15,42.5
14-apr.-2017 18:47:46.063,-,14.05041409,2982.5,-0.78125,15,42
14-apr.-2017 18:47:46.165,-,14.01811504,2982.5,-0.78125,15,42
14-apr.-2017 18:47:46.263,-,14.01811504,2981,-0.78125,15,42.5
14-apr.-2017 18:47:46.363,-,14.01811504,2981,-0.78125,15,42.5
14-apr.-2017 18:47:46.464,-,13.94992638,2965.75,-0.78125,15,42.5
14-apr.-2017 18:47:46.564,-,14.3231678,2965.75,-0.78125,15,43.5
14-apr.-2017 18:47:46.664,-,14.3231678,2984,-0.78125,15,42.5
14-apr.-2017 18:47:46.763,-,14.3231678,2984,-0.78125,15,42.5
14-apr.-2017 18:47:46.863,-,14.3231678,2979.5,-0.78125,15,42.5
14-apr.-2017 18:47:46.964,-,14.41289043,2979.5,-0.78125,15,42.5
14-apr.-2017 18:47:47.063,-,14.41289043,2965.75,-0.78125,15,42.5
14-apr.-2017 18:47:47.163,-,14.59233475,2979.25,-0.78125,15,42.5
14-apr.-2017 18:47:47.263,-,14.59233475,2979.25,-0.78125,15,42.5
14-apr.-2017 18:47:47.362,-,14.69999981,2979.25,-0.78125,15,42.5
14-apr.-2017 18:47:47.463,-,14.74665546,2979.25,-0.78125,15,42.5
14-apr.-2017 18:47:47.562,-,14.74665546,2978.25,-0.78125,15,42.5
14-apr.-2017 18:47:47.663,-,14.74665546,2978.25,-0.78125,15,42.5
14-apr.-2017 18:47:47.762,-,14.95122051,2978.25,-0.78125,15,42.5
14-apr.-2017 18:47:47.863,-,14.95122051,2981.5,-0.78125,15,41
14-apr.-2017 18:47:47.963,-,14.78972149,2981.5,-0.78125,15,41
14-apr.-2017 18:47:48.063,-,14.78972149,2981.5,-0.78125,15,40.5
14-apr.-2017 18:47:48.162,-,14.88303185,2993.5,-0.78125,15,40.5
14-apr.-2017 18:47:48.263,-,14.87226582,2993.5,-0.78125,15,40.5
14-apr.-2017 18:47:48.363,-,14.87226582,2975,-0.78125,15,39.5
14-apr.-2017 18:47:48.463,-,14.47390079,3001,-0.78125,15,39
14-apr.-2017 18:47:48.562,-,14.47390079,3001,-0.78125,15,39
14-apr.-2017 18:47:48.666,-,14.47390079,2984.5,-0.78125,15,39
14-apr.-2017 18:47:48.762,-,14.49543476,2983.5,-0.78125,15,39
14-apr.-2017 18:47:48.862,-,14.49543476,2983.5,-0.78125,15,38
14-apr.-2017 18:47:48.964,-,14.49543476,2983.5,-0.78125,15,38
14-apr.-2017 18:47:49.065,-,14.58156681,2989,-0.78125,15,38
14-apr.-2017 18:47:49.163,-,14.58156681,2989,-0.78125,15,38
14-apr.-2017 18:47:49.262,-,14.58156681,2978.25,-0.78125,15,39
14-apr.-2017 18:47:49.363,-,14.57797813,2978.25,-0.78125,15,39
14-apr.-2017 18:47:49.463,-,14.5600338,2997,-0.78125,15,37.5
14-apr.-2017 18:47:49.562,-,14.5600338,2997,-0.78125,15,37.5
14-apr.-2017 18:47:49.665,-,14.78613186,2989.5,-0.78125,15,37.5
14-apr.-2017 18:47:49.763,-,14.78613186,2989.5,-0.78125,15,36.5
14-apr.-2017 18:47:49.863,-,14.66052151,2987.5,-0.78125,15,36.5
14-apr.-2017 18:47:49.963,-,14.66052151,2990.75,-0.78125,15,36.5
14-apr.-2017 18:47:50.063,-,14.66052151,2990.75,-0.78125,15,36
14-apr.-2017 18:47:50.163,-,14.6784668,2990.75,-0.78125,15,36
14-apr.-2017 18:47:50.262,-,14.6784668,2990.75,-0.78125,15,35
14-apr.-2017 18:47:50.362,-,14.61745548,3000.25,-0.78125,15,35
14-apr.-2017 18:47:50.463,-,14.61745548,3000.25,-0.78125,15,36
14-apr.-2017 18:47:50.564,-,14.6318121,2995,-0.78125,15,36
14-apr.-2017 18:47:50.663,-,14.6318121,2995,-0.78125,15,36.5
14-apr.-2017 18:47:50.762,-,14.53491211,2989.5,-0.78125,15,36.5
14-apr.-2017 18:47:50.863,-,14.53491211,2989.5,-0.78125,15,39
14-apr.-2017 18:47:50.963,-,14.3626461,3010.75,-0.78125,15,40.5
14-apr.-2017 18:47:51.062,-,14.10783672,3010.75,-0.78125,15,40.5
14-apr.-2017 18:47:51.163,-,14.10783672,2996,-0.78125,15,40.5
14-apr.-2017 18:47:51.263,-,14.12219143,2997.5,-0.78125,15,40.5
14-apr.-2017 18:47:51.363,-,14.12219143,2997.5,-0.78125,15,42
14-apr.-2017 18:47:51.463,-,14.12219143,2997.5,-0.78125,15,42
14-apr.-2017 18:47:51.563,-,14.50978947,2996.5,-0.78125,15,42
14-apr.-2017 18:47:51.663,-,14.50978947,2996.5,-0.78125,15,44
14-apr.-2017 18:47:51.763,-,15.03017521,2999.75,-0.78125,15,44
14-apr.-2017 18:47:51.863,-,15.03017521,2999.75,-0.78125,15,43.5
14-apr.-2017 18:47:51.964,-,14.87585354,2999.25,-0.78125,15,43.5
14-apr.-2017 18:47:52.063,-,14.87585354,2999.25,-0.78125,15,44
14-apr.-2017 18:47:52.163,-,14.77177715,2999.25,-0.78125,15,44
14-apr.-2017 18:47:52.262,-,14.77177715,3000.25,-0.78125,15,43.5
14-apr.-2017 18:47:52.363,-,15.0086422,3002.5,-0.78125,15,43.5
14-apr.-2017 18:47:52.463,-,14.81843281,3002.5,-0.78125,15,43.5
14-apr.-2017 18:47:52.563,-,14.81843281,3002.5,-0.78125,15,43.5
14-apr.-2017 18:47:52.666,-,14.57797813,2996,-0.78125,15,43.5
14-apr.-2017 18:47:52.763,-,14.57797813,2996,-0.78125,15,43.5
14-apr.-2017 18:47:52.862,-,14.5133791,2996,-0.78125,15,44
14-apr.-2017 18:47:52.962,-,14.5133791,3004.75,-0.78125,15,44
14-apr.-2017 18:47:53.063,-,14.73588848,2997.75,-0.78125,15,44
14-apr.-2017 18:47:53.163,-,14.62104511,2997.75,-0.78125,15,43.5
14-apr.-2017 18:47:53.262,-,14.62104511,3000,-0.78125,15,43.5
14-apr.-2017 18:47:53.363,-,14.62104511,3000,-0.78125,15,43.5
14-apr.-2017 18:47:53.463,-,14.47748947,3001,-0.78125,15,43.5
14-apr.-2017 18:47:53.562,-,14.47748947,2994.5,-0.78125,15,43.5
14-apr.-2017 18:47:53.663,-,14.62104511,2994.5,-0.78125,15,43.5
14-apr.-2017 18:47:53.762,-,14.62104511,2994.5,-0.78125,15,43.5
14-apr.-2017 18:47:53.863,-,14.85073185,2994.5,-0.78125,15,43.5
14-apr.-2017 18:47:53.963,-,14.85073185,3007.25,-0.78125,15,43.5
14-apr.-2017 18:47:54.063,-,14.85073185,3007.25,-0.78125,15,43.5
14-apr.-2017 18:47:54.163,-,14.71435547,2996.75,-0.78125,15,43.5
14-apr.-2017 18:47:54.263,-,14.57079983,2996.75,-0.78125,15,43.5
14-apr.-2017 18:47:54.363,-,14.57079983,3007.5,-0.78125,15,43.5
14-apr.-2017 18:47:54.462,-,14.52414513,3007.5,-0.78125,15,43.5
14-apr.-2017 18:47:54.563,-,14.52414513,2996.5,-0.78125,15,43.5
14-apr.-2017 18:47:54.662,-,14.79331017,3003.5,-0.78125,15,43.5
14-apr.-2017 18:47:54.762,-,14.79331017,3003.5,-0.78125,15,43.5
14-apr.-2017 18:47:54.862,-,14.69641018,3000.25,-0.78125,15,43.5
14-apr.-2017 18:47:54.963,-,14.52414513,3000.25,-0.78125,15,43.5
14-apr.-2017 18:47:55.063,-,14.52414513,3000,-0.78125,15,43.5
14-apr.-2017 18:47:55.164,-,14.56362247,3000,-0.78125,15,43.5
14-apr.-2017 18:47:55.263,-,14.56362247,3003,-0.78125,15,43.5
14-apr.-2017 18:47:55.363,-,14.56362247,3003,-0.78125,15,43.5
14-apr.-2017 18:47:55.462,-,14.81484318,2998.25,-0.78125,15,43.5
14-apr.-2017 18:47:55.562,-,14.81484318,2998.25,-0.78125,15,43.5
14-apr.-2017 18:47:55.663,-,14.54567909,3000.25,-0.78125,15,43.5
14-apr.-2017 18:47:55.763,-,14.54567909,3000.25,-0.78125,15,43.5
14-apr.-2017 18:47:55.863,-,14.54567909,3000.25,-0.78125,15,43.5
14-apr.-2017 18:47:55.963,-,14.49543476,3000.75,-0.78125,15,43.5
14-apr.-2017 18:47:56.063,-,14.49543476,3000.75,-0.78125,15,43.5
14-apr.-2017 18:47:56.162,-,14.63898945,2994.5,-0.78125,15,43.5
14-apr.-2017 18:47:56.264,-,14.75742149,2994.5,-0.78125,15,43.5
14-apr.-2017 18:47:56.363,-,14.75742149,2998.5,-0.78125,15,43.5
14-apr.-2017 18:47:56.463,-,14.65693378,3007.5,-0.78125,15,43.5
14-apr.-2017 18:47:56.563,-,14.65693378,3007.5,-0.78125,15,43.5
14-apr.-2017 18:47:56.663,-,14.47031116,3007.5,-0.78125,15,43.5
14-apr.-2017 18:47:56.763,-,14.47031116,3067.75,-0.78125,15,43.5
14-apr.-2017 18:47:56.863,-,14.25856876,3343,-0.78125,15,43.5
14-apr.-2017 18:47:56.963,-,14.25856876,3343,-0.78125,15,45
14-apr.-2017 18:47:57.063,-,14.49184608,3607.5,-0.78125,15,45
14-apr.-2017 18:47:57.163,-,14.49184608,3607.5,-0.78125,15,45.5
14-apr.-2017 18:47:57.263,-,14.88662052,3595.5,-0.78125,15,43.5
14-apr.-2017 18:47:57.362,-,14.88662052,3595.5,-0.78125,15,43.5
14-apr.-2017 18:47:57.463,-,14.88662052,3603.75,-0.78125,15,42
14-apr.-2017 18:47:57.563,-,14.5133791,3597,-0.78125,15,42
14-apr.-2017 18:47:57.665,-,14.5133791,3597,-0.78125,15,42
14-apr.-2017 18:47:57.763,-,14.70358849,3597,-0.78125,15,38
14-apr.-2017 18:47:57.863,-,14.70358849,3597,-0.78125,15,38
14-apr.-2017 18:47:57.963,-,14.81843281,3597,-0.78125,15,38
14-apr.-2017 18:47:58.063,-,14.81843281,3622.5,-0.78125,15,40.5
14-apr.-2017 18:47:58.163,-,15.0947752,3610.5,-0.78125,15,40.5
14-apr.-2017 18:47:58.262,-,15.0947752,3610.5,-0.78125,15,39.5
14-apr.-2017 18:47:58.363,-,14.72871017,3610.5,-0.78125,15,39.5
14-apr.-2017 18:47:58.463,-,14.72871017,3610.5,-0.78125,15,37.5
14-apr.-2017 18:47:58.563,-,14.87585354,3627.75,-0.78125,15,37.5
14-apr.-2017 18:47:58.663,-,14.90097618,3627.75,-0.78125,15,37.5
14-apr.-2017 18:47:58.764,-,14.90097618,3619.5,-0.78125,15,37.5
14-apr.-2017 18:47:58.862,-,14.60309982,3618.25,-0.78125,15,37.5
14-apr.-2017 18:47:58.963,-,14.60309982,3618.25,-0.78125,15,36
14-apr.-2017 18:47:59.063,-,14.48825645,3618.25,-0.78125,15,35
14-apr.-2017 18:47:59.163,-,14.48825645,3618.25,-0.78125,15,35
14-apr.-2017 18:47:59.263,-,14.5133791,3618.25,-0.78125,15,35
14-apr.-2017 18:47:59.362,-,14.5133791,3627.75,-0.78125,15,35
14-apr.-2017 18:47:59.462,-,14.59233475,3636.75,-0.78125,15,35
14-apr.-2017 18:47:59.563,-,14.59233475,3636.75,0,15,34.5
14-apr.-2017 18:47:59.664,-,14.5600338,3648,0,15,34.5
14-apr.-2017 18:47:59.762,-,14.5600338,3648,0.78125,15,35
14-apr.-2017 18:47:59.862,-,14.72153282,3657,0.78125,15,35
14-apr.-2017 18:47:59.963,-,14.72153282,3657,0.78125,15,34.5
14-apr.-2017 18:48:00.064,-,14.72153282,3674.75,0.78125,15,35
14-apr.-2017 18:48:00.163,-,14.54926777,3695.25,1.5625,15,35
14-apr.-2017 18:48:00.263,-,14.54926777,3695.25,2.34375,15,34.5
14-apr.-2017 18:48:00.363,-,14.69999981,3695.25,2.34375,15,34.5
14-apr.-2017 18:48:00.464,-,14.69999981,3695.25,2.34375,15,35
14-apr.-2017 18:48:00.563,-,14.35905647,3695.25,2.34375,15,35
14-apr.-2017 18:48:00.663,-,14.35905647,3736.75,2.34375,15,35
14-apr.-2017 18:48:00.763,-,14.57797813,3749.75,2.34375,15,35
14-apr.-2017 18:48:00.862,-,14.57797813,3749.75,2.34375,15,36
14-apr.-2017 18:48:00.964,-,14.82561016,3749.75,2.34375,14,36
14-apr.-2017 18:48:01.063,-,14.82561016,3749.75,2.34375,14,34.5
14-apr.-2017 18:48:01.163,-,14.50620174,3771.25,2.34375,14,34.5
14-apr.-2017 18:48:01.263,-,15.02299786,3771.25,2.34375,14,34.5
14-apr.-2017 18:48:01.363,-,15.02299786,3789,2.34375,14,33.5
14-apr.-2017 18:48:01.463,-,15.17014122,3789,2.34375,14,33.5
14-apr.-2017 18:48:01.563,-,15.17014122,3853.25,2.34375,14,32
14-apr.-2017 18:48:01.663,-,14.12936974,3853.25,2.34375,14,32
14-apr.-2017 18:48:01.763,-,14.12936974,3863.75,2.34375,14,32
14-apr.-2017 18:48:01.863,-,14.73588848,3863.75,2.34375,14,24
14-apr.-2017 18:48:01.965,-,14.73588848,3916.5,2.34375,14,24
14-apr.-2017 18:48:02.063,-,14.78972149,3941.75,2.34375,14,21.5
14-apr.-2017 18:48:02.163,-,14.78972149,3941.75,2.34375,14,21.5
14-apr.-2017 18:48:02.263,-,14.78972149,4007.5,2.34375,15,18
14-apr.-2017 18:48:02.363,-,14.0324707,4071.5,2.34375,15,18
14-apr.-2017 18:48:02.463,-,14.0324707,4071.5,2.34375,15,13.5
14-apr.-2017 18:48:02.562,-,13.44389629,4071.5,2.34375,15,13.5
14-apr.-2017 18:48:02.663,-,13.44389629,4071.5,2.34375,15,12
14-apr.-2017 18:48:02.763,-,12.9952879,4198.75,2.34375,15,12
14-apr.-2017 18:48:02.863,-,12.9952879,4198.75,2.34375,15,14
14-apr.-2017 18:48:02.965,-,12.52155781,4198.75,2.34375,15,14
14-apr.-2017 18:48:03.064,-,12.52155781,4198,2.34375,15,11
14-apr.-2017 18:48:03.163,-,13.12448692,4198,2.34375,15,11
14-apr.-2017 18:48:03.263,-,13.12448692,4367.5,2.34375,15,10.5
14-apr.-2017 18:48:03.363,-,13.72023869,4367.5,2.34375,15,10.5
14-apr.-2017 18:48:03.463,-,13.72023869,4367.5,2.34375,15,10.5
14-apr.-2017 18:48:03.564,-,12.44260216,4374.25,2.34375,17,10.5
14-apr.-2017 18:48:03.663,-,13.28239632,4374.25,2.34375,17,10.5
14-apr.-2017 18:48:03.763,-,13.28239632,4427,2.34375,17,10.5
14-apr.-2017 18:48:03.862,-,13.10654259,4427,2.34375,17,10.5
14-apr.-2017 18:48:03.963,-,13.10654259,4461.75,2.34375,17,10.5
14-apr.-2017 18:48:04.063,-,12.30981445,4542,2.34375,17,10.5
14-apr.-2017 18:48:04.163,-,12.30981445,4542,2.34375,17,10.5
14-apr.-2017 18:48:04.263,-,13.50849628,4542,2.34375,17,10.5
14-apr.-2017 18:48:04.363,-,13.50849628,4626,2.34375,17,10.5
14-apr.-2017 18:48:04.463,-,12.78713417,4626,2.34375,17,10.5
14-apr.-2017 18:48:04.565,-,12.78713417,4639.75,2.34375,17,10.5
14-apr.-2017 18:48:04.663,-,13.16396523,4682.5,2.34375,17,10.5
14-apr.-2017 18:48:04.763,-,13.16396523,4682.5,2.34375,17,10.5
14-apr.-2017 18:48:04.863,-,12.38517952,4729.25,2.34375,20,10.5
14-apr.-2017 18:48:04.962,-,12.38517952,4729.25,2.34375,20,10.5
14-apr.-2017 18:48:05.064,-,13.10295296,4772.75,2.34375,20,10.5
14-apr.-2017 18:48:05.163,-,12.46413517,4772.75,2.34375,20,10.5
14-apr.-2017 18:48:05.263,-,12.46413517,4821.5,2.34375,20,10.5
14-apr.-2017 18:48:05.364,-,12.46413517,4891.25,2.34375,20,10.5
14-apr.-2017 18:48:05.463,-,12.46413517,4891.25,2.34375,20,11
14-apr.-2017 18:48:05.563,-,12.46413517,4891.25,2.34375,20,11
14-apr.-2017 18:48:05.663,-,12.99887753,4922,2.34375,20,11
14-apr.-2017 18:48:05.763,-,12.70458984,4922,2.34375,20,11
14-apr.-2017 18:48:05.863,-,12.70458984,4968,2.34375,20,11
14-apr.-2017 18:48:05.963,-,12.70458984,5014,2.34375,20,11
14-apr.-2017 18:48:06.063,-,12.70458984,5014,2.34375,20,12
14-apr.-2017 18:48:06.162,-,12.90556717,5014,2.34375,24,12
14-apr.-2017 18:48:06.262,-,12.46054649,5014,2.34375,24,12.5
14-apr.-2017 18:48:06.362,-,12.46054649,5069.75,2.34375,24,12.5
14-apr.-2017 18:48:06.464,-,11.59921837,5092.5,2.34375,24,12.5
14-apr.-2017 18:48:06.562,-,12.7261219,5092.5,2.34375,24,17
14-apr.-2017 18:48:06.664,-,12.7261219,5121.75,2.34375,24,18
14-apr.-2017 18:48:06.762,-,12.7261219,5121.75,2.34375,24,18
14-apr.-2017 18:48:06.862,-,12.7261219,5031,2.34375,24,18
14-apr.-2017 18:48:06.963,-,12.88044357,5031,2.34375,24,3
14-apr.-2017 18:48:07.063,-,12.88044357,4706.25,2.34375,24,1.5
14-apr.-2017 18:48:07.163,-,12.88044357,4706.25,2.34375,24,1.5
14-apr.-2017 18:48:07.264,-,12.88044357,4372,2.34375,24,2
14-apr.-2017 18:48:07.363,-,12.85173321,4343.25,2.34375,24,2
14-apr.-2017 18:48:07.463,-,12.85173321,4343.25,2.34375,27,14
14-apr.-2017 18:48:07.563,-,12.60768986,4343.25,2.34375,27,14
14-apr.-2017 18:48:07.663,-,12.60768986,4343.25,2.34375,27,14
14-apr.-2017 18:48:07.764,-,12.84455585,4375,2.34375,27,14
14-apr.-2017 18:48:07.863,-,12.74047756,4402.75,2.34375,27,14
14-apr.-2017 18:48:07.963,-,12.74047756,4402.75,2.34375,27,14
14-apr.-2017 18:48:08.063,-,12.97016525,4433.25,2.34375,27,14
14-apr.-2017 18:48:08.164,-,12.97016525,4433.25,2.34375,27,13.5
14-apr.-2017 18:48:08.263,-,12.63999081,4433.25,2.34375,27,13.5
14-apr.-2017 18:48:08.363,-,12.63999081,4461,2.34375,27,13.5
14-apr.-2017 18:48:08.463,-,12.84455585,4528.75,2.34375,27,13.5
14-apr.-2017 18:48:08.563,-,11.34440899,4528.75,2.34375,27,10.5
14-apr.-2017 18:48:08.663,-,11.34440899,4524.75,2.34375,28,10.5
14-apr.-2017 18:48:08.763,-,11.34440899,4524.75,2.34375,28,10.5
14-apr.-2017 18:48:08.864,-,12.27751446,4569.5,2.34375,28,10.5
14-apr.-2017 18:48:08.963,-,11.67099571,4569.5,2.34375,28,10.5
14-apr.-2017 18:48:09.063,-,11.67099571,4590.5,2.34375,28,10.5
14-apr.-2017 18:48:09.163,-,11.67099571,4590.5,2.34375,28,10.5
14-apr.-2017 18:48:09.263,-,11.67099571,4616.75,2.34375,28,10.5
14-apr.-2017 18:48:09.363,-,11.67099571,4616.75,2.34375,28,10.5
14-apr.-2017 18:48:09.464,-,11.43054199,4654.5,2.34375,28,10.5
14-apr.-2017 18:48:09.564,-,11.43054199,4654.5,2.34375,28,10.5
14-apr.-2017 18:48:09.666,-,10.98552227,4654.5,2.34375,28,10.5
14-apr.-2017 18:48:09.763,-,10.98552227,4668.5,2.34375,28,10.5
14-apr.-2017 18:48:09.863,-,11.65305138,4702.75,2.34375,28,10.5
14-apr.-2017 18:48:09.963,-,11.52026367,4728.5,2.34375,28,10.5
14-apr.-2017 18:48:10.063,-,11.52026367,4728.5,2.34375,28,10.5
14-apr.-2017 18:48:10.163,-,11.52026367,4728.5,2.34375,28,1.5
14-apr.-2017 18:48:10.262,-,11.94374943,4728.5,2.34375,28,1.5
14-apr.-2017 18:48:10.364,-,11.94374943,4696.5,2.34375,28,1.5
14-apr.-2017 18:48:10.463,-,9.35617638,4661.5,-0.78125,28,1.5
14-apr.-2017 18:48:10.563,-,10.02729511,4661.5,-0.78125,28,13.5
14-apr.-2017 18:48:10.664,-,10.02729511,4661.5,-0.78125,28,13.5
14-apr.-2017 18:48:10.762,-,10.02729511,4620,-0.78125,28,23
14-apr.-2017 18:48:10.863,-,20.57856369,4620,-0.78125,28,23
14-apr.-2017 18:48:10.963,-,20.57856369,4599.75,-0.78125,31,23
14-apr.-2017 18:48:11.063,-,29.39955139,4599.75,-0.78125,31,21.5
14-apr.-2017 18:48:11.163,-,29.39955139,4577,-0.78125,31,24
14-apr.-2017 18:48:11.264,-,29.39955139,4534.5,-0.78125,31,24
14-apr.-2017 18:48:11.363,-,29.39955139,4534.5,-0.78125,31,24
14-apr.-2017 18:48:11.463,-,29.39955139,4507.75,-0.78125,31,24
14-apr.-2017 18:48:11.562,-,29.39955139,4507.75,-0.78125,31,24.5
14-apr.-2017 18:48:11.663,-,29.39955139,4471.25,-0.78125,31,24
14-apr.-2017 18:48:11.763,-,29.39955139,4471.25,-0.78125,31,24
14-apr.-2017 18:48:11.863,-,29.39955139,4414.5,-0.78125,31,23
14-apr.-2017 18:48:11.963,-,29.39955139,4414.5,-0.78125,31,23
14-apr.-2017 18:48:12.063,-,29.39955139,4351.5,-0.78125,31,23
14-apr.-2017 18:48:12.163,-,29.39955139,4351.5,-0.78125,31,22.5
14-apr.-2017 18:48:12.263,-,29.39955139,4288.75,-0.78125,30,22.5
14-apr.-2017 18:48:12.363,-,29.39955139,4288.75,-0.78125,30,21.5
14-apr.-2017 18:48:12.462,-,29.39955139,4234.25,-0.78125,30,21.5
14-apr.-2017 18:48:12.563,-,29.39955139,4234.25,-0.78125,30,21.5
14-apr.-2017 18:48:12.664,-,29.39955139,4166.5,-0.78125,30,20
14-apr.-2017 18:48:12.763,-,29.39955139,4166.5,-0.78125,30,19.5
14-apr.-2017 18:48:12.863,-,29.39955139,4119.75,-0.78125,30,19.5
14-apr.-2017 18:48:12.964,-,29.39955139,4119.75,-0.78125,30,19.5
14-apr.-2017 18:48:13.063,-,29.39955139,4049,-0.78125,30,18
14-apr.-2017 18:48:13.162,-,29.39955139,4049,-0.78125,30,18
14-apr.-2017 18:48:13.263,-,29.39955139,4013.25,-0.78125,30,18
14-apr.-2017 18:48:13.363,-,29.39955139,4013.25,-0.78125,30,18
14-apr.-2017 18:48:13.463,-,29.39955139,3955,-0.78125,30,18
14-apr.-2017 18:48:13.563,-,29.39955139,3955,-0.78125,29,15.5
14-apr.-2017 18:48:13.665,-,29.39955139,3906.25,-0.78125,29,15.5
14-apr.-2017 18:48:13.765,-,29.39955139,3906.25,-0.78125,29,15.5
14-apr.-2017 18:48:13.862,-,29.39955139,3861.5,-0.78125,29,15
14-apr.-2017 18:48:13.962,-,29.39955139,3861.5,-0.78125,29,15
14-apr.-2017 18:48:14.062,-,29.39955139,3979.5,-0.78125,29,39.5
14-apr.-2017 18:48:14.163,-,29.39955139,3979.5,-0.78125,29,39.5
14-apr.-2017 18:48:14.263,-,29.39955139,4213,-0.78125,29,38
14-apr.-2017 18:48:14.362,-,18.68364334,4477.75,-0.78125,29,38
14-apr.-2017 18:48:14.463,-,18.68364334,4477.75,-0.78125,29,17
14-apr.-2017 18:48:14.563,-,18.68364334,4477.75,-0.78125,29,17
14-apr.-2017 18:48:14.663,-,15.62592697,4417.5,-0.78125,29,21.5
14-apr.-2017 18:48:14.763,-,15.62592697,4373.5,-0.78125,29,21.5
14-apr.-2017 18:48:14.863,-,15.62592697,4373.5,-0.78125,29,22.5
14-apr.-2017 18:48:14.963,-,29.39955139,4308,-0.78125,29,22.5
14-apr.-2017 18:48:15.063,-,29.39955139,4308,-0.78125,29,22.5
14-apr.-2017 18:48:15.162,-,29.39955139,4308,-0.78125,29,21
14-apr.-2017 18:48:15.262,-,29.39955139,4308,-0.78125,29,21
14-apr.-2017 18:48:15.363,-,29.39955139,4266,-0.78125,29,21
14-apr.-2017 18:48:15.462,-,29.39955139,4225,-0.78125,29,21
14-apr.-2017 18:48:15.562,-,29.39955139,4225,-0.78125,29,20
14-apr.-2017 18:48:15.663,-,29.39955139,4178.5,-0.78125,29,20
14-apr.-2017 18:48:15.763,-,29.39955139,4178.5,-0.78125,29,20
14-apr.-2017 18:48:15.862,-,29.39955139,4178.5,-0.78125,29,19.5
14-apr.-2017 18:48:15.963,-,29.39955139,4178.5,-0.78125,29,19.5
14-apr.-2017 18:48:16.062,-,29.39955139,4103,-0.78125,29,19.5
14-apr.-2017 18:48:16.162,-,29.39955139,4103,-0.78125,29,17
14-apr.-2017 18:48:16.262,-,29.39955139,4070.25,-0.78125,29,17
14-apr.-2017 18:48:16.363,-,29.39955139,4070.25,-0.78125,29,17
14-apr.-2017 18:48:16.463,-,29.39955139,4042.5,-0.78125,29,17
14-apr.-2017 18:48:16.563,-,29.39955139,4042.5,-0.78125,29,18
14-apr.-2017 18:48:16.662,-,29.39955139,4020.5,-0.78125,29,17
14-apr.-2017 18:48:16.762,-,29.39955139,4008.75,-0.78125,29,17
14-apr.-2017 18:48:16.862,-,29.39955139,4008.75,-0.78125,29,16.5
14-apr.-2017 18:48:16.964,-,29.39955139,3984,-0.78125,29,16.5
14-apr.-2017 18:48:17.063,-,29.39955139,3984,-0.78125,29,16.5
14-apr.-2017 18:48:17.164,-,29.39955139,3984,-0.78125,29,16.5
14-apr.-2017 18:48:17.263,-,29.39955139,3969.5,-0.78125,27,16.5
14-apr.-2017 18:48:17.363,-,29.39955139,3969.5,-0.78125,27,15
14-apr.-2017 18:48:17.464,-,29.39955139,3947.5,-0.78125,27,15
14-apr.-2017 18:48:17.563,-,29.39955139,3927.5,-0.78125,27,15
14-apr.-2017 18:48:17.663,-,29.39955139,3927.5,-0.78125,27,15
14-apr.-2017 18:48:17.763,-,29.39955139,3927.5,-0.78125,27,15
14-apr.-2017 18:48:17.862,-,29.39955139,3906.75,-0.78125,27,15
14-apr.-2017 18:48:17.963,-,29.39955139,3906.75,-0.78125,27,15
14-apr.-2017 18:48:18.063,-,29.39955139,3889.75,-0.78125,27,15
14-apr.-2017 18:48:18.164,-,29.39955139,3889.75,-0.78125,27,15
14-apr.-2017 18:48:18.263,-,29.39955139,3864.5,-0.78125,27,15.5
14-apr.-2017 18:48:18.363,-,29.39955139,3864.5,-0.78125,27,15.5
14-apr.-2017 18:48:18.463,-,20.88361931,3864.5,-0.78125,27,15.5
14-apr.-2017 18:48:18.562,-,20.88361931,3862,-0.78125,27,15.5
14-apr.-2017 18:48:18.663,-,14.92250919,3862,-0.78125,27,18.5
14-apr.-2017 18:48:18.763,-,14.92250919,3842,-0.78125,27,21.5
14-apr.-2017 18:48:18.863,-,15.18808556,3842,-0.78125,27,21.5
14-apr.-2017 18:48:18.963,-,15.18808556,3845.5,-0.78125,27,21.5
14-apr.-2017 18:48:19.063,-,14.58515644,3845.5,-0.78125,27,21.5
14-apr.-2017 18:48:19.163,-,14.58515644,3836,-0.78125,27,28.5
14-apr.-2017 18:48:19.263,-,14.68564415,3827.75,-0.78125,27,28.5
14-apr.-2017 18:48:19.363,-,14.46313381,3827.75,-0.78125,27,30.5
14-apr.-2017 18:48:19.463,-,14.46313381,3820.25,-0.78125,27,27.5
14-apr.-2017 18:48:19.563,-,14.46313381,3820.25,-0.78125,27,27.5
14-apr.-2017 18:48:19.665,-,14.46313381,3812,-0.78125,27,27.5
14-apr.-2017 18:48:19.763,-,14.46313381,3812,-0.78125,27,28.5
14-apr.-2017 18:48:19.862,-,13.899683,3798.75,-0.78125,27,28.5
14-apr.-2017 18:48:19.963,-,13.899683,3798.75,-0.78125,25,28.5
14-apr.-2017 18:48:20.063,-,14.02170467,3797.5,-0.78125,25,28.5
14-apr.-2017 18:48:20.162,-,14.02170467,3797.5,-0.78125,25,27.5
14-apr.-2017 18:48:20.263,-,13.95351601,3791.75,-0.78125,25,27.5
14-apr.-2017 18:48:20.363,-,13.8279047,3791.75,-0.78125,25,30
14-apr.-2017 18:48:20.463,-,13.8279047,3774.5,-0.78125,25,44
14-apr.-2017 18:48:20.563,-,13.8279047,3774.5,-0.78125,25,43.5
14-apr.-2017 18:48:20.663,-,13.93557072,3779.75,-0.78125,25,43.5
14-apr.-2017 18:48:20.762,-,13.93557072,3779.75,-0.78125,25,43.5
14-apr.-2017 18:48:20.862,-,13.97504902,3779.75,-0.78125,25,43.5
14-apr.-2017 18:48:20.964,-,13.97504902,3769.5,-0.78125,25,43.5
14-apr.-2017 18:48:21.062,-,13.97504902,3769.5,-0.78125,25,43.5
14-apr.-2017 18:48:21.163,-,13.94992638,3754.75,-0.78125,24,43.5
14-apr.-2017 18:48:21.263,-,13.94992638,3754.75,-0.78125,24,43.5
14-apr.-2017 18:48:21.363,-,13.9140377,3752.5,-0.78125,24,43.5
14-apr.-2017 18:48:21.463,-,13.9140377,3752.5,-0.78125,24,43.5
14-apr.-2017 18:48:21.564,-,13.89609432,3752.5,-0.78125,24,42.5
14-apr.-2017 18:48:21.662,-,13.88891602,3736.75,-0.78125,24,42.5
14-apr.-2017 18:48:21.762,-,13.88891602,3736.75,-0.78125,24,42.5
14-apr.-2017 18:48:21.863,-,14.10065937,3746.25,-0.78125,24,43.5
14-apr.-2017 18:48:21.963,-,14.10065937,3733,-0.78125,24,43.5
14-apr.-2017 18:48:22.062,-,14.00017071,3733,-0.78125,24,42.5
14-apr.-2017 18:48:22.163,-,14.00017071,3733,-0.78125,24,42.5
14-apr.-2017 18:48:22.264,-,14.00017071,3733,-0.78125,24,42.5
14-apr.-2017 18:48:22.363,-,14.09348106,3723.5,-0.78125,24,42.5
14-apr.-2017 18:48:22.463,-,14.31240177,3723.5,-0.78125,24,42.5
14-apr.-2017 18:48:22.563,-,14.31240177,3723.5,-0.78125,24,43.5
14-apr.-2017 18:48:22.665,-,14.46672249,3723.5,-0.78125,24,43.5
14-apr.-2017 18:48:22.762,-,14.46672249,3718.5,-0.78125,24,43.5
14-apr.-2017 18:48:22.863,-,14.59233475,3694.75,-0.78125,24,43.5
14-apr.-2017 18:48:22.962,-,14.59233475,3694.75,-0.78125,24,42.5
14-apr.-2017 18:48:23.063,-,14.2765131,3691.5,-0.78125,24,45
14-apr.-2017 18:48:23.162,-,14.2765131,3691.5,-0.78125,24,45
14-apr.-2017 18:48:23.263,-,14.2765131,3666.75,-0.78125,24,44
14-apr.-2017 18:48:23.362,-,14.12578201,3657,-0.78125,24,44
14-apr.-2017 18:48:23.463,-,14.12578201,3657,-0.78125,24,44
14-apr.-2017 18:48:23.563,-,14.12578201,3657,-0.78125,24,43.5
14-apr.-2017 18:48:23.663,-,14.81843281,3648,-0.78125,24,43.5
14-apr.-2017 18:48:23.763,-,14.81843281,3648,-0.78125,23,43.5
14-apr.-2017 18:48:23.863,-,14.68923187,3637.75,-0.78125,23,43.5
14-apr.-2017 18:48:23.963,-,14.83996487,3637.75,-0.78125,23,43.5
14-apr.-2017 18:48:24.063,-,14.83996487,3620.5,-0.78125,23,43.5
14-apr.-2017 18:48:24.163,-,14.83996487,3613,-0.78125,23,43.5
14-apr.-2017 18:48:24.263,-,14.83996487,3613,-0.78125,23,43.5
14-apr.-2017 18:48:24.362,-,14.87585354,3613,-0.78125,23,43.5
14-apr.-2017 18:48:24.464,-,14.87585354,3613,-0.78125,23,33.5
14-apr.-2017 18:48:24.563,-,13.76330471,3583.5,-0.78125,23,33.5
14-apr.-2017 18:48:24.664,-,15.27780724,3583.5,-0.78125,23,39
14-apr.-2017 18:48:24.763,-,15.27780724,3583.5,-0.78125,23,39
14-apr.-2017 18:48:24.863,-,15.27780724,3586.25,-0.78125,23,41
14-apr.-2017 18:48:24.963,-,15.2993412,3571.25,-0.78125,23,41
14-apr.-2017 18:48:25.064,-,15.2993412,3571.25,-0.78125,22,41
14-apr.-2017 18:48:25.163,-,14.78613186,3571.25,-0.78125,22,41
14-apr.-2017 18:48:25.263,-,14.25139236,3555,-0.78125,22,41
14-apr.-2017 18:48:25.363,-,14.25139236,3555,-0.78125,22,41
14-apr.-2017 18:48:25.464,-,14.18320274,3547.5,-0.78125,22,42
14-apr.-2017 18:48:25.563,-,14.18320274,3547.5,-0.78125,22,42
14-apr.-2017 18:48:25.664,-,14.18320274,3538,-0.78125,22,42
14-apr.-2017 18:48:25.763,-,14.53132343,3538,-0.78125,22,42
14-apr.-2017 18:48:25.862,-,14.53132343,3520,-0.78125,22,42
14-apr.-2017 18:48:25.963,-,14.82561016,3520,-0.78125,22,42
14-apr.-2017 18:48:26.064,-,14.82561016,3520,-0.78125,22,42
14-apr.-2017 18:48:26.163,-,14.39853477,3520,-0.78125,22,42
14-apr.-2017 18:48:26.263,-,14.39853477,3508.25,-0.78125,21,42
14-apr.-2017 18:48:26.363,-,14.39853477,3508.25,-0.78125,21,43.5
14-apr.-2017 18:48:26.463,-,14.97993183,3498.25,-0.78125,21,47
14-apr.-2017 18:48:26.563,-,14.97993183,3498.25,-0.78125,21,47
14-apr.-2017 18:48:26.663,-,14.97993183,3498.25,-0.78125,21,46.5
14-apr.-2017 18:48:26.763,-,14.93327618,3498.25,-0.78125,21,46.5
14-apr.-2017 18:48:26.863,-,14.73588848,3498.25,-0.78125,21,46.5
14-apr.-2017 18:48:26.963,-,14.73588848,3486.75,-0.78125,21,45.5
14-apr.-2017 18:48:27.063,-,14.6318121,3486.75,-0.78125,21,45.5
14-apr.-2017 18:48:27.162,-,14.6318121,3478.75,-0.78125,21,45.5
14-apr.-2017 18:48:27.262,-,14.90815449,3478.75,-0.78125,21,45.5
14-apr.-2017 18:48:27.363,-,14.90815449,3471.25,-0.78125,21,45.5
14-apr.-2017 18:48:27.464,-,14.90815449,3471.25,-0.78125,21,46.5
14-apr.-2017 18:48:27.563,-,14.86149883,3463.5,-0.78125,21,46.5
14-apr.-2017 18:48:27.663,-,14.86149883,3463.5,-0.78125,21,46.5
14-apr.-2017 18:48:27.762,-,14.55644512,3458.25,-0.78125,21,46.5
14-apr.-2017 18:48:27.862,-,14.64257717,3458.25,-0.78125,21,46.5
14-apr.-2017 18:48:27.962,-,14.64257717,3442.5,-0.78125,21,46.5
14-apr.-2017 18:48:28.062,-,14.87585354,3442.5,-0.78125,21,46.5
14-apr.-2017 18:48:28.163,-,14.87585354,3438.75,-0.78125,21,46.5
14-apr.-2017 18:48:28.263,-,14.83278751,3428.75,-0.78125,21,46.5
14-apr.-2017 18:48:28.363,-,14.49902248,3428.75,-0.78125,21,45.5
14-apr.-2017 18:48:28.463,-,14.49902248,3422.75,-0.78125,21,46.5
14-apr.-2017 18:48:28.563,-,14.49902248,3422.75,-0.78125,21,46.5
14-apr.-2017 18:48:28.663,-,14.49902248,3403.5,-0.78125,21,47
14-apr.-2017 18:48:28.762,-,14.17243576,3403.5,-0.78125,21,47
14-apr.-2017 18:48:28.863,-,14.17243576,3382,-0.78125,21,43.5
14-apr.-2017 18:48:28.963,-,14.17243576,3382,-0.78125,21,43.5
14-apr.-2017 18:48:29.063,-,14.17243576,3366,-0.78125,21,39.5
14-apr.-2017 18:48:29.162,-,14.97275352,3356.5,-0.78125,21,39.5
14-apr.-2017 18:48:29.263,-,14.97275352,3356.5,-0.78125,21,39.5
14-apr.-2017 18:48:29.363,-,15.13066387,3356.5,-0.78125,21,39.5
14-apr.-2017 18:48:29.463,-,15.01940823,3356.5,-0.78125,21,39.5
14-apr.-2017 18:48:29.563,-,15.01940823,3354.25,-0.78125,21,39.5
14-apr.-2017 18:48:29.663,-,14.90456581,3340.25,-0.78125,21,39.5
14-apr.-2017 18:48:29.763,-,14.90456581,3340.25,-0.78125,21,39.5
14-apr.-2017 18:48:29.863,-,14.90456581,3324.25,-0.78125,21,39.5
14-apr.-2017 18:48:29.963,-,14.90456581,3324.25,-0.78125,21,42
14-apr.-2017 18:48:30.063,-,14.41647911,3321.75,-0.78125,21,42
14-apr.-2017 18:48:30.163,-,14.41647911,3321.75,-0.78125,20,41
14-apr.-2017 18:48:30.263,-,14.27292538,3316.75,-0.78125,20,41
14-apr.-2017 18:48:30.363,-,14.27292538,3316.75,-0.78125,20,42
14-apr.-2017 18:48:30.463,-,15.00146484,3299,-0.78125,20,39.5
14-apr.-2017 18:48:30.563,-,15.05529785,3299,-0.78125,20,39.5
14-apr.-2017 18:48:30.665,-,15.05529785,3265.25,-0.78125,20,36.5
14-apr.-2017 18:48:30.762,-,15.05529785,3265.25,-0.78125,20,36.5
14-apr.-2017 18:48:30.862,-,15.05529785,3253.5,-0.78125,20,34.5
14-apr.-2017 18:48:30.965,-,14.74665546,3228.5,-0.78125,20,34.5
14-apr.-2017 18:48:31.066,-,14.52414513,3228.5,-0.78125,20,34.5
14-apr.-2017 18:48:31.163,-,14.52414513,3228.5,-0.78125,20,34.5
14-apr.-2017 18:48:31.263,-,14.52414513,3228.5,-0.78125,20,34.5
14-apr.-2017 18:48:31.363,-,14.59951115,3230.25,-0.78125,20,34.5
14-apr.-2017 18:48:31.462,-,14.5205574,3230.25,-0.78125,20,34.5
14-apr.-2017 18:48:31.563,-,14.5205574,3225.75,-0.78125,20,34.5
14-apr.-2017 18:48:31.664,-,14.12936974,3219.75,-0.78125,20,34.5
14-apr.-2017 18:48:31.763,-,14.35905647,3219.75,-0.78125,20,34.5
14-apr.-2017 18:48:31.862,-,14.35905647,3214.5,-0.78125,20,38
14-apr.-2017 18:48:31.963,-,15.10554218,3214.5,-0.78125,20,38
14-apr.-2017 18:48:32.063,-,15.10554218,3209.5,-0.78125,20,37.5
14-apr.-2017 18:48:32.163,-,15.10554218,3200,-0.78125,20,37.5
14-apr.-2017 18:48:32.263,-,15.10554218,3200,-0.78125,20,39.5
14-apr.-2017 18:48:32.365,-,14.95839882,3200,-0.78125,20,39.5
14-apr.-2017 18:48:32.464,-,14.95839882,3200,-0.78125,20,39.5
14-apr.-2017 18:48:32.563,-,14.96916485,3200,-0.78125,20,39.5
14-apr.-2017 18:48:32.663,-,14.96916485,3201.25,-0.78125,20,41
14-apr.-2017 18:48:32.763,-,14.87585354,3201.25,-0.78125,20,41
14-apr.-2017 18:48:32.862,-,14.87585354,3196.75,-0.78125,20,47
14-apr.-2017 18:48:32.963,-,14.87585354,3196.75,-0.78125,20,47
14-apr.-2017 18:48:33.063,-,14.87585354,3199.75,-0.78125,20,46.5
14-apr.-2017 18:48:33.163,-,14.81484318,3191,-0.78125,20,46.5
14-apr.-2017 18:48:33.263,-,14.45595646,3191,-0.78125,20,46.5
14-apr.-2017 18:48:33.363,-,14.45595646,3191,-0.78125,20,46.5
14-apr.-2017 18:48:33.463,-,14.82202148,3191,-0.78125,20,46.5
14-apr.-2017 18:48:33.563,-,14.82202148,3195.25,-0.78125,20,46.5
14-apr.-2017 18:48:33.663,-,15.00146484,3195.25,-0.78125,20,46.5
14-apr.-2017 18:48:33.763,-,15.00146484,3192.25,-0.78125,20,46.5
14-apr.-2017 18:48:33.863,-,15.00146484,3192.25,-0.78125,20,46.5
14-apr.-2017 18:48:33.963,-,15.05888653,3187,-0.78125,19,46.5
14-apr.-2017 18:48:34.063,-,15.05888653,3187,-0.78125,19,46.5
14-apr.-2017 18:48:34.163,-,14.88662052,3178,-0.78125,19,45.5
14-apr.-2017 18:48:34.264,-,14.56362247,3178,-0.78125,19,45.5
14-apr.-2017 18:48:34.363,-,14.56362247,3177.25,-0.78125,19,45.5
14-apr.-2017 18:48:34.463,-,14.68923187,3169.75,-0.78125,19,45.5
14-apr.-2017 18:48:34.563,-,14.68923187,3166.75,-0.78125,19,45.5
14-apr.-2017 18:48:34.663,-,14.68923187,3166.75,-0.78125,19,45.5
14-apr.-2017 18:48:34.763,-,14.86149883,3159.25,-0.78125,19,45.5
14-apr.-2017 18:48:34.863,-,14.53132343,3159.25,-0.78125,19,45.5
14-apr.-2017 18:48:34.963,-,14.53132343,3159.25,-0.78125,19,45.5
14-apr.-2017 18:48:35.063,-,14.53132343,3159.25,-0.78125,19,45.5
14-apr.-2017 18:48:35.163,-,14.5133791,3146,-0.78125,19,45.5
14-apr.-2017 18:48:35.264,-,14.88662052,3146,-0.78125,19,46.5
14-apr.-2017 18:48:35.363,-,14.88662052,3129.5,-0.78125,19,46.5
14-apr.-2017 18:48:35.462,-,14.88662052,3129.5,-0.78125,19,46.5
14-apr.-2017 18:48:35.562,-,14.84714413,3107.5,-0.78125,19,47
14-apr.-2017 18:48:35.663,-,14.28369141,3107.5,-0.78125,19,47
14-apr.-2017 18:48:35.763,-,14.28369141,3095,-0.78125,19,47
14-apr.-2017 18:48:35.862,-,14.09706974,3087.75,-0.78125,19,47
14-apr.-2017 18:48:35.963,-,14.09706974,3087.75,-0.78125,19,40.5
14-apr.-2017 18:48:36.063,-,14.71435547,3080.5,-0.78125,19,40.5
14-apr.-2017 18:48:36.162,-,14.71435547,3080.5,-0.78125,19,36
14-apr.-2017 18:48:36.263,-,14.97275352,3080.5,-0.78125,19,36
14-apr.-2017 18:48:36.363,-,14.97275352,3066.25,-0.78125,19,34.5
14-apr.-2017 18:48:36.463,-,14.3626461,3066.25,-0.78125,19,34.5
14-apr.-2017 18:48:36.563,-,14.3626461,3059,-0.78125,19,34.5
14-apr.-2017 18:48:36.663,-,14.1437254,3046.75,-0.78125,19,34.5
14-apr.-2017 18:48:36.763,-,14.1437254,3046.75,-0.78125,18,35
14-apr.-2017 18:48:36.862,-,14.15090275,3029,-0.78125,18,35
14-apr.-2017 18:48:36.962,-,14.15090275,3029,-0.78125,18,35
14-apr.-2017 18:48:37.063,-,14.69999981,2867.5,-0.78125,18,35
14-apr.-2017 18:48:37.163,-,14.85073185,2867.5,-0.78125,18,35
14-apr.-2017 18:48:37.263,-,14.85073185,2682,-0.78125,18,35
14-apr.-2017 18:48:37.362,-,14.85073185,2542.25,-0.78125,18,35
14-apr.-2017 18:48:37.462,-,14.85073185,2542.25,-0.78125,18,36
14-apr.-2017 18:48:37.563,-,14.85073185,2542.25,-0.78125,18,36
14-apr.-2017 18:48:37.664,-,14.49902248,2498.75,-0.78125,18,36
14-apr.-2017 18:48:37.763,-,14.71076679,2498.75,-0.78125,18,34.5
14-apr.-2017 18:48:37.863,-,14.71076679,2490.5,-0.78125,18,34.5
14-apr.-2017 18:48:37.963,-,14.89379883,2490.5,-0.78125,18,34.5
14-apr.-2017 18:48:38.063,-,14.89379883,2490.5,-0.78125,18,34.5
14-apr.-2017 18:48:38.163,-,14.63898945,2479.75,-0.78125,18,33.5
14-apr.-2017 18:48:38.263,-,14.80407715,2479.75,-0.78125,18,33.5
14-apr.-2017 18:48:38.363,-,14.80407715,2466,-0.78125,18,33.5
14-apr.-2017 18:48:38.462,-,14.68564415,2466,-0.78125,18,33.5
14-apr.-2017 18:48:38.563,-,14.68564415,2459.75,-0.78125,18,33.5
14-apr.-2017 18:48:38.663,-,14.58515644,2447.5,-0.78125,18,33.5
14-apr.-2017 18:48:38.763,-,14.58515644,2447.5,-0.78125,18,34.5
14-apr.-2017 18:48:38.862,-,14.47748947,2447.5,-0.78125,18,34.5
14-apr.-2017 18:48:38.962,-,14.47748947,2433.5,-0.78125,18,34.5
14-apr.-2017 18:48:39.065,-,14.53491211,2433.5,-0.78125,18,34.5
14-apr.-2017 18:48:39.165,-,14.53491211,2430.25,-0.78125,18,34.5
14-apr.-2017 18:48:39.263,-,14.59951115,2361.75,-0.78125,18,34.5
14-apr.-2017 18:48:39.362,-,14.59951115,2361.75,-0.78125,18,17
14-apr.-2017 18:48:39.463,-,14.98710918,2361.75,-0.78125,18,17
14-apr.-2017 18:48:39.564,-,14.98710918,2353,-0.78125,18,15.5
14-apr.-2017 18:48:39.663,-,15.1737299,2353,-0.78125,18,15.5
14-apr.-2017 18:48:39.763,-,15.1737299,2351,-0.78125,18,15.5
14-apr.-2017 18:48:39.862,-,15.05529785,2290.75,-0.78125,18,15.5
14-apr.-2017 18:48:39.963,-,15.05529785,2290.75,-0.78125,18,14
14-apr.-2017 18:48:40.063,-,29.14877892,2290.75,-0.78125,18,14
14-apr.-2017 18:48:40.164,-,29.14877892,2271.25,-0.78125,18,11
14-apr.-2017 18:48:40.263,-,29.39955139,2271.25,-0.78125,18,11
14-apr.-2017 18:48:40.368,-,29.39955139,2258.5,-0.78125,18,11
14-apr.-2017 18:48:40.463,-,29.39955139,2258.5,-0.78125,18,11
14-apr.-2017 18:48:40.562,-,29.39955139,2258.5,-0.78125,18,11
14-apr.-2017 18:48:40.662,-,29.39955139,2236.5,-0.78125,18,11
14-apr.-2017 18:48:40.761,-,29.39955139,2236.5,-0.78125,18,11
14-apr.-2017 18:48:40.862,-,29.39955139,2236.5,-0.78125,18,11
14-apr.-2017 18:48:40.962,-,29.39955139,2236.5,-0.78125,18,11
14-apr.-2017 18:48:41.062,-,29.39955139,2236.5,-0.78125,18,11
14-apr.-2017 18:48:41.161,-,29.39955139,2236.5,-0.78125,18,12
14-apr.-2017 18:48:41.262,-,29.39955139,2236.5,-0.78125,18,12
14-apr.-2017 18:48:41.362,-,29.39955139,2206.5,-0.78125,18,12
14-apr.-2017 18:48:41.462,-,29.39955139,2206.5,-0.78125,18,12.5
14-apr.-2017 18:48:41.562,-,29.39955139,2206.5,-0.78125,18,12.5
14-apr.-2017 18:48:41.662,-,29.39955139,2212.75,-0.78125,18,13.5
14-apr.-2017 18:48:41.762,-,29.39955139,2212.75,-0.78125,18,13.5
14-apr.-2017 18:48:41.863,-,29.39955139,2212.75,-0.78125,18,13.5
14-apr.-2017 18:48:41.962,-,29.39955139,2212.75,-0.78125,18,13.5
14-apr.-2017 18:48:42.062,-,29.39955139,2260.75,-0.78125,18,15
14-apr.-2017 18:48:42.164,-,29.39955139,2281.5,-0.78125,18,15
14-apr.-2017 18:48:42.262,-,29.39955139,2281.5,-0.78125,18,14
14-apr.-2017 18:48:42.364,-,29.39955139,2281.5,-0.78125,18,14
14-apr.-2017 18:48:42.463,-,29.39955139,2279,-0.78125,18,14
14-apr.-2017 18:48:42.563,-,29.39955139,2279,-0.78125,18,14
14-apr.-2017 18:48:42.663,-,29.39955139,2279,-0.78125,18,13.5
14-apr.-2017 18:48:42.763,-,29.39955139,2279,-0.78125,18,13.5
14-apr.-2017 18:48:42.863,-,29.39955139,2279,-0.78125,18,13.5
14-apr.-2017 18:48:42.963,-,29.39955139,2246.25,-0.78125,18,12
14-apr.-2017 18:48:43.062,-,29.39955139,2246.25,-0.78125,18,12
14-apr.-2017 18:48:43.162,-,29.39955139,2246.25,-0.78125,18,12
14-apr.-2017 18:48:43.261,-,29.39955139,2247,-0.78125,18,12
14-apr.-2017 18:48:43.382,-,29.39955139,2247,-0.78125,18,12
14-apr.-2017 18:48:43.463,-,29.39955139,2247,-0.78125,18,12
14-apr.-2017 18:48:43.561,-,29.39955139,2209.75,-0.78125,18,12
14-apr.-2017 18:48:43.662,-,29.39955139,2209.75,-0.78125,18,12
14-apr.-2017 18:48:43.762,-,29.39955139,2209.75,-0.78125,18,12
14-apr.-2017 18:48:43.862,-,29.39955139,2213.75,-0.78125,18,12
14-apr.-2017 18:48:43.962,-,29.39955139,2213.75,-0.78125,18,12.5
14-apr.-2017 18:48:44.062,-,29.39955139,2208,-0.78125,18,12.5
14-apr.-2017 18:48:44.161,-,29.39955139,2208,-0.78125,18,12.5
14-apr.-2017 18:48:44.261,-,29.39955139,2208,-0.78125,18,13.5
14-apr.-2017 18:48:44.362,-,29.39955139,2187.25,-0.78125,18,13.5
14-apr.-2017 18:48:44.462,-,29.39955139,2187.25,-0.78125,18,13.5
14-apr.-2017 18:48:44.563,-,29.39955139,2183.75,-0.78125,18,12.5
14-apr.-2017 18:48:44.662,-,29.39955139,2180,-0.78125,18,12.5
14-apr.-2017 18:48:44.762,-,29.39955139,2180,-0.78125,18,12.5
14-apr.-2017 18:48:44.862,-,29.39955139,2159.5,-0.78125,18,12.5
14-apr.-2017 18:48:44.964,-,29.39955139,2159.5,-0.78125,18,12.5
14-apr.-2017 18:48:45.062,-,29.39955139,2159.5,-0.78125,18,12.5
14-apr.-2017 18:48:45.162,-,29.39955139,2153,-0.78125,18,13.5
14-apr.-2017 18:48:45.263,-,29.39955139,2153,-0.78125,18,13.5
14-apr.-2017 18:48:45.363,-,29.39955139,2153,-0.78125,18,13.5
14-apr.-2017 18:48:45.462,-,29.39955139,2142,-0.78125,18,13.5
14-apr.-2017 18:48:45.564,-,29.39955139,2142,-0.78125,18,13.5
14-apr.-2017 18:48:45.662,-,29.39955139,2142,-0.78125,18,13.5
14-apr.-2017 18:48:45.762,-,29.39955139,2130.25,-0.78125,18,13.5
14-apr.-2017 18:48:45.862,-,29.39955139,2130.25,-0.78125,18,15
14-apr.-2017 18:48:45.962,-,29.39955139,2121.75,-0.78125,18,15
14-apr.-2017 18:48:46.061,-,29.39955139,2121.75,-0.78125,18,18.5
14-apr.-2017 18:48:46.162,-,29.39955139,2121.75,-0.78125,18,21.5
14-apr.-2017 18:48:46.263,-,24.26074219,2122,-0.78125,18,21.5
14-apr.-2017 18:48:46.362,-,16.35805702,2122.75,-0.78125,18,21.5
14-apr.-2017 18:48:46.461,-,16.35805702,2122.75,-0.78125,18,25.5
14-apr.-2017 18:48:46.563,-,16.35805702,2122.75,-0.78125,18,25.5
14-apr.-2017 18:48:46.663,-,16.35805702,2122.75,-0.78125,18,25.5
14-apr.-2017 18:48:46.762,-,16.35805702,2122.75,-0.78125,18,28.5
14-apr.-2017 18:48:46.863,-,16.35805702,2122.75,-0.78125,18,28.5
14-apr.-2017 18:48:46.964,-,13.98222637,2110.75,-0.78125,18,28.5
14-apr.-2017 18:48:47.065,-,13.98222637,2110.75,-0.78125,18,30.5
14-apr.-2017 18:48:47.162,-,13.73818398,2092.75,-0.78125,18,30.5
14-apr.-2017 18:48:47.264,-,13.73818398,2092.75,-0.78125,18,32
14-apr.-2017 18:48:47.363,-,13.48696232,2068.75,-0.78125,18,32
14-apr.-2017 18:48:47.463,-,13.49414062,2068.75,-0.78125,18,31.5
14-apr.-2017 18:48:47.564,-,13.49414062,2068.75,-0.78125,18,31.5
14-apr.-2017 18:48:47.663,-,13.32905293,2055.75,-0.78125,18,31.5
14-apr.-2017 18:48:47.763,-,13.32905293,2055.75,-0.78125,18,32
14-apr.-2017 18:48:47.863,-,13.27880764,2055.75,-0.78125,18,32
14-apr.-2017 18:48:47.963,-,13.27880764,2053.75,-0.78125,18,33.5
14-apr.-2017 18:48:48.063,-,13.39006329,2053.75,-0.78125,18,33.5
14-apr.-2017 18:48:48.163,-,13.39006329,2054.25,-0.78125,18,33.5
14-apr.-2017 18:48:48.264,-,13.41877365,2046.25,-0.78125,18,33.5
14-apr.-2017 18:48:48.364,-,13.41877365,2046.25,-0.78125,18,33.5
14-apr.-2017 18:48:48.465,-,13.46901798,2046.25,-0.78125,18,33.5
14-apr.-2017 18:48:48.563,-,13.46901798,2038.5,-0.78125,18,34.5
14-apr.-2017 18:48:48.666,-,13.46901798,2038.5,-0.78125,18,34.5
14-apr.-2017 18:48:48.763,-,13.56591797,2038.75,-0.78125,18,34.5
14-apr.-2017 18:48:48.864,-,13.56591797,2038.75,-0.78125,18,33.5
14-apr.-2017 18:48:48.964,-,13.77407265,2038.75,-0.78125,18,33.5
14-apr.-2017 18:48:49.066,-,13.77407265,2046.75,-0.78125,18,33.5
14-apr.-2017 18:48:49.162,-,13.77407265,2046.75,-0.78125,18,33.5
14-apr.-2017 18:48:49.262,-,13.77407265,2046.75,-0.78125,18,35
14-apr.-2017 18:48:49.363,-,13.77407265,2046.75,-0.78125,18,35
14-apr.-2017 18:48:49.463,-,14.1975584,2046.75,-0.78125,18,35
14-apr.-2017 18:48:49.563,-,14.1975584,2054.5,-0.78125,18,35
14-apr.-2017 18:48:49.664,-,14.1975584,2054.5,-0.78125,18,38
14-apr.-2017 18:48:49.764,-,13.83149338,2054.5,-0.78125,18,38
14-apr.-2017 18:48:49.863,-,13.83149338,2059.5,-0.78125,18,40.5
14-apr.-2017 18:48:49.963,-,14.02170467,2059.5,-0.78125,18,40.5
14-apr.-2017 18:48:50.063,-,14.02170467,2072.25,-0.78125,18,43.5
14-apr.-2017 18:48:50.164,-,14.02170467,2072.25,-0.78125,18,43.5
14-apr.-2017 18:48:50.263,-,14.02170467,2076,-0.78125,18,45
14-apr.-2017 18:48:50.363,-,14.02170467,2076,-0.78125,18,45
14-apr.-2017 18:48:50.463,-,14.2693367,2085,-0.78125,18,43.5
14-apr.-2017 18:48:50.562,-,14.2693367,2101.5,-0.78125,18,43.5
14-apr.-2017 18:48:50.663,-,14.21191311,2101.5,-0.78125,18,42.5
14-apr.-2017 18:48:50.764,-,14.21191311,2101.5,-0.78125,18,42.5
14-apr.-2017 18:48:50.862,-,14.29804707,2110.5,-0.78125,18,42.5
